Age,Gender,Gender_Label,Education,MonthlyIncome,YearsAtCompany,JobSatisfaction,OverTime,DistanceFromHome,Attrition,Probability,Timestamp,Department_Finance,Department_HR,Department_IT,Department_R&D,Department_Sales,JobRole_Analyst,JobRole_Engineer,JobRole_Executive,JobRole_Manager,Predicted
50,Male,0,3,96820,6,2,No,19,1,0.525807736,03-08-25,0,1,0,0,0,0,0,0,1,1
32,Female,1,3,64131,7,4,No,3,1,0.977964137,30-05-25,0,1,0,0,0,0,1,0,0,1
23,Male,0,4,82955,5,2,No,28,1,0.721731978,04-10-25,0,1,0,0,0,0,0,0,1,1
54,Male,0,4,105305,11,1,No,17,1,0.69034909,28-02-25,0,1,0,0,0,0,1,0,0,1
49,Female,1,4,79150,14,2,No,19,1,0.999210447,30-12-25,0,0,0,1,0,1,0,0,0,1
24,Female,1,1,23890,6,1,Yes,9,1,0.999999996,16-06-25,1,0,0,0,0,0,1,0,0,1
39,Female,1,4,28792,13,2,Yes,26,1,0.999999918,22-09-25,0,0,1,0,0,0,1,0,0,1
47,Male,0,1,43483,6,4,No,29,1,0.256891024,21-09-25,1,0,0,0,0,0,0,0,1,0
56,Male,0,2,55920,3,2,No,8,1,0.89832098,02-01-25,0,1,0,0,0,0,1,0,0,1
27,Male,0,2,98953,3,2,Yes,29,1,0.999810696,10-07-25,0,0,0,1,0,0,0,1,0,1
39,Male,0,2,91211,1,2,No,4,1,0.831728067,27-09-25,0,0,0,1,0,0,0,0,1,1
52,Female,1,4,31534,7,2,Yes,23,1,0.999999974,09-09-25,0,0,0,0,1,0,1,0,0,1
42,Male,0,4,44300,17,3,No,21,1,0.237326229,07-10-25,0,0,1,0,0,0,0,0,1,0
47,Male,0,1,106779,12,1,Yes,29,1,0.9994988,15-01-25,0,1,0,0,0,0,1,0,0,1
22,Female,1,1,60774,8,4,No,1,1,0.983067533,16-05-25,0,0,1,0,0,1,0,0,0,1
45,Male,0,3,25258,18,1,No,8,1,0.964312669,12-06-25,0,0,1,0,0,0,0,0,1,1
56,Female,1,1,32666,4,2,Yes,7,1,0.999999975,10-02-25,0,0,1,0,0,0,0,0,1,1
49,Female,1,3,28392,7,4,Yes,2,1,0.999997864,02-02-25,1,0,0,0,0,0,0,0,1,1
44,Male,0,2,99575,4,3,No,12,0,0.163523962,26-12-25,0,1,0,0,0,0,0,1,0,0
43,Female,1,3,90592,2,1,No,15,1,0.999972829,11-05-25,1,0,0,0,0,1,0,0,0,1
22,Female,1,1,118806,13,3,Yes,27,1,0.999961405,26-07-25,1,0,0,0,0,0,0,0,1,1
36,Female,1,2,43419,12,3,No,7,1,0.998016138,29-08-25,0,1,0,0,0,0,0,1,0,1
53,Male,0,4,38141,4,3,Yes,7,1,0.999818645,25-08-25,0,0,0,1,0,1,0,0,0,1
36,Female,1,3,53827,12,4,Yes,7,1,0.999982548,06-07-25,0,0,1,0,0,1,0,0,0,1
43,Male,0,4,63585,9,1,Yes,25,1,0.999986274,14-05-25,0,0,0,1,0,0,0,1,0,1
49,Female,1,4,89163,19,2,Yes,11,1,0.999997588,08-05-25,0,0,0,1,0,0,0,1,0,1
49,Female,1,1,64262,0,1,Yes,25,1,0.999999993,10-10-25,0,1,0,0,0,0,0,0,1,1
34,Female,1,1,29474,6,2,No,8,1,0.999959687,17-05-25,0,0,1,0,0,0,0,0,1,1
58,Male,0,1,118098,9,4,No,24,0,0.006939455,11-11-25,1,0,0,0,0,1,0,0,0,0
53,Female,1,4,88840,19,1,No,17,1,0.999656102,21-02-25,0,0,0,0,1,0,0,1,0,1
33,Female,1,2,85318,1,3,No,17,1,0.9989023,11-04-25,0,0,0,0,1,0,1,0,0,1
38,Female,1,3,46736,1,2,No,28,1,0.99998063,23-02-25,0,0,0,0,1,0,1,0,0,1
44,Female,1,1,58623,0,1,Yes,19,1,0.999999993,06-05-25,0,1,0,0,0,0,1,0,0,1
23,Male,0,1,70859,5,4,No,23,0,0.055172095,20-11-25,0,1,0,0,0,0,0,0,1,0
32,Female,1,4,32688,5,4,Yes,5,1,0.999998077,08-04-25,1,0,0,0,0,0,1,0,0,1
27,Male,0,2,54698,15,4,No,1,0,0.024768878,20-07-25,0,0,0,1,0,0,1,0,0,0
27,Female,1,4,35708,2,4,No,28,1,0.998447773,12-12-25,0,1,0,0,0,0,1,0,0,1
24,Male,0,3,31411,6,4,Yes,9,1,0.996021527,08-05-25,0,1,0,0,0,0,1,0,0,1
39,Male,0,4,57504,10,4,Yes,25,1,0.989815037,31-05-25,0,0,1,0,0,1,0,0,0,1
52,Male,0,2,80713,2,3,No,28,1,0.530818905,24-05-25,1,0,0,0,0,1,0,0,0,1
47,Female,1,4,36371,16,2,No,1,1,0.999759898,31-10-25,0,0,0,1,0,0,0,0,1,1
33,Male,0,1,49855,8,1,No,3,1,0.965541396,27-05-25,0,1,0,0,0,1,0,0,0,1
37,Male,0,3,24499,0,4,Yes,20,1,0.999717923,16-03-25,0,0,0,0,1,0,0,1,0,1
29,Male,0,4,73351,19,2,Yes,3,1,0.997136604,22-04-25,1,0,0,0,0,1,0,0,0,1
46,Male,0,3,22200,17,4,Yes,14,1,0.992602314,04-12-25,0,0,0,1,0,1,0,0,0,1
23,Female,1,2,81135,8,4,Yes,1,1,0.999962044,09-03-25,0,0,1,0,0,0,1,0,0,1
54,Female,1,2,111412,15,4,Yes,24,1,0.999767667,15-05-25,0,0,0,0,1,1,0,0,0,1
24,Male,0,1,90271,0,4,Yes,12,1,0.989484425,22-01-25,1,0,0,0,0,0,0,0,1,1
51,Female,1,2,67333,12,3,No,22,1,0.997126884,21-09-25,0,0,0,0,1,0,0,0,1,1
48,Male,0,3,69377,0,4,No,15,1,0.188908736,13-11-25,0,1,0,0,0,0,0,1,0,0
40,Female,1,4,93744,11,4,No,29,1,0.91573761,15-02-25,0,1,0,0,0,1,0,0,0,1
27,Female,1,3,52635,8,1,Yes,24,1,0.999999979,15-12-25,0,1,0,0,0,0,0,0,1,1
52,Male,0,3,86235,0,4,No,29,1,0.138804104,10-06-25,0,0,1,0,0,0,1,0,0,0
24,Female,1,4,46641,9,3,No,22,1,0.999407632,27-02-25,1,0,0,0,0,0,0,1,0,1
24,Male,0,4,71885,17,4,Yes,15,1,0.913596018,08-12-25,0,0,1,0,0,1,0,0,0,1
44,Male,0,2,76958,9,2,No,26,1,0.742181562,30-09-25,0,0,0,0,1,0,0,0,1,1
54,Male,0,1,98069,15,3,No,29,0,0.045472099,19-06-25,0,0,0,0,1,0,1,0,0,0
47,Male,0,3,70993,12,4,No,26,0,0.042316204,09-11-25,0,0,0,1,0,0,0,0,1,0
57,Male,0,1,22368,7,4,Yes,14,1,0.99909083,22-05-25,0,0,0,1,0,0,0,1,0,1
33,Female,1,3,75766,14,4,No,2,1,0.910163659,18-11-25,0,1,0,0,0,0,0,1,0,1
53,Male,0,3,119157,18,1,Yes,26,1,0.99890333,04-03-25,0,0,0,1,0,0,0,0,1,1
43,Female,1,2,116825,16,4,Yes,10,1,0.999330707,22-11-25,0,1,0,0,0,0,0,1,0,1
36,Male,0,2,35338,4,1,Yes,8,1,0.999996904,22-02-25,1,0,0,0,0,0,0,1,0,1
26,Male,0,3,107235,5,1,No,20,1,0.902305464,16-12-25,1,0,0,0,0,0,0,0,1,1
56,Male,0,3,92615,19,4,Yes,13,1,0.735187636,04-05-25,0,1,0,0,0,0,0,1,0,1
51,Female,1,3,106672,18,4,Yes,26,1,0.999410004,12-12-25,0,1,0,0,0,0,1,0,0,1
58,Male,0,2,28308,8,4,No,21,1,0.268722568,09-05-25,0,1,0,0,0,0,0,1,0,0
22,Male,0,3,66175,15,1,No,8,1,0.867933652,25-08-25,0,0,1,0,0,1,0,0,0,1
22,Male,0,4,33500,6,4,Yes,5,1,0.997789583,05-10-25,0,0,0,1,0,0,1,0,0,1
50,Male,0,3,93666,11,2,Yes,16,1,0.998138032,27-03-25,0,1,0,0,0,0,0,0,1,1
50,Male,0,2,29435,4,3,Yes,17,1,0.999859926,04-04-25,0,0,0,0,1,0,1,0,0,1
26,Male,0,4,63919,15,1,Yes,7,1,0.999933987,10-04-25,0,0,0,1,0,0,0,1,0,1
54,Female,1,2,79101,4,3,No,26,1,0.998752743,10-01-25,0,0,1,0,0,0,1,0,0,1
26,Male,0,4,88385,19,3,No,10,0,0.025257104,07-09-25,0,0,0,0,1,0,0,0,1,0
40,Female,1,2,29823,0,4,No,5,1,0.999368183,04-01-25,0,0,0,1,0,0,1,0,0,1
37,Male,0,4,77679,1,1,No,28,1,0.991670023,09-06-25,0,0,1,0,0,0,0,1,0,1
48,Female,1,4,38071,11,2,Yes,3,1,0.999999808,02-02-25,0,1,0,0,0,0,1,0,0,1
54,Female,1,1,113610,4,4,No,3,1,0.941686925,06-03-25,0,0,0,0,1,0,1,0,0,1
54,Female,1,4,89449,10,4,Yes,29,1,0.99996145,12-01-25,0,1,0,0,0,0,0,1,0,1
52,Male,0,2,32161,18,2,Yes,3,1,0.999723328,03-08-25,1,0,0,0,0,0,0,1,0,1
38,Male,0,2,45351,9,2,Yes,2,1,0.999852528,25-04-25,1,0,0,0,0,0,1,0,0,1
28,Male,0,4,102745,17,1,Yes,11,1,0.998996127,05-08-25,0,1,0,0,0,0,0,1,0,1
42,Male,0,1,112920,3,2,Yes,5,1,0.999130251,11-07-25,1,0,0,0,0,0,0,0,1,1
56,Female,1,1,103042,15,4,Yes,18,1,0.999784433,06-04-25,0,0,1,0,0,1,0,0,0,1
45,Male,0,3,27357,4,4,No,17,1,0.567551919,02-07-25,0,0,0,0,1,0,0,1,0,1
34,Female,1,3,88450,8,2,Yes,17,1,0.999999606,03-03-25,1,0,0,0,0,0,0,1,0,1
41,Female,1,4,20728,12,3,No,19,1,0.999566846,26-06-25,0,0,1,0,0,1,0,0,0,1
57,Female,1,4,83932,8,3,No,12,1,0.994210267,22-09-25,0,1,0,0,0,0,1,0,0,1
28,Female,1,4,102637,19,3,No,26,1,0.937101387,24-05-25,0,1,0,0,0,0,0,1,0,1
26,Female,1,3,109112,19,3,No,21,1,0.95134566,22-02-25,0,0,0,1,0,0,0,1,0,1
44,Female,1,4,47192,6,1,Yes,21,1,0.999999994,11-02-25,1,0,0,0,0,1,0,0,0,1
35,Female,1,3,29348,2,3,Yes,29,1,0.999999932,23-08-25,0,0,0,0,1,0,0,0,1,1
32,Male,0,2,92267,8,2,Yes,26,1,0.999586211,10-09-25,0,0,0,0,1,0,0,1,0,1
59,Female,1,3,41677,12,4,No,10,1,0.992426437,10-10-25,0,0,0,1,0,0,1,0,0,1
23,Female,1,1,108092,4,2,Yes,19,1,0.999999324,16-05-25,1,0,0,0,0,0,0,0,1,1
22,Male,0,2,111792,6,1,Yes,13,1,0.999803567,12-05-25,0,0,1,0,0,0,1,0,0,1
57,Female,1,2,109339,18,1,Yes,12,1,0.99999877,01-07-25,0,0,1,0,0,0,1,0,0,1
48,Male,0,2,75129,18,3,No,3,0,0.054902846,22-06-25,0,0,1,0,0,0,0,1,0,0
34,Male,0,2,29435,19,4,No,8,1,0.042187748,13-11-25,0,0,0,1,0,0,1,0,0,0
22,Male,0,3,100219,16,1,No,24,1,0.493532208,27-04-25,0,1,0,0,0,0,1,0,0,0
27,Female,1,2,56395,12,4,No,13,1,0.987587315,13-11-25,0,0,0,1,0,0,0,1,0,1
42,Female,1,4,113045,10,4,Yes,5,1,0.999881254,13-06-25,0,0,0,1,0,0,0,0,1,1
56,Female,1,3,33843,17,3,No,9,1,0.998274579,01-11-25,0,0,0,1,0,1,0,0,0,1
35,Female,1,3,72638,0,1,Yes,22,1,0.999999995,16-09-25,1,0,0,0,0,0,0,1,0,1
37,Female,1,3,44504,10,4,No,10,1,0.99110054,12-08-25,0,0,1,0,0,0,1,0,0,1
37,Male,0,4,110469,11,4,No,28,0,0.009404157,08-01-25,0,0,0,1,0,0,0,0,1,0
49,Male,0,4,81529,7,2,No,28,1,0.821257287,27-06-25,0,0,0,1,0,0,0,0,1,1
49,Female,1,4,24835,16,1,No,1,1,0.999959126,31-07-25,0,1,0,0,0,0,1,0,0,1
34,Female,1,4,117007,12,2,No,3,1,0.994249811,10-09-25,1,0,0,0,0,0,1,0,0,1
27,Female,1,2,76178,4,3,No,25,1,0.998546346,10-01-25,0,1,0,0,0,0,0,1,0,1
51,Male,0,2,76570,12,1,Yes,23,1,0.999924756,16-10-25,0,0,0,0,1,0,1,0,0,1
22,Female,1,2,28415,14,1,Yes,11,1,0.999999984,07-12-25,0,0,0,0,1,0,0,0,1,1
47,Male,0,3,82680,16,1,No,1,1,0.781741193,08-04-25,0,0,0,1,0,0,0,0,1,1
56,Male,0,3,20384,15,3,Yes,6,1,0.999284464,16-07-25,0,0,0,1,0,0,1,0,0,1
52,Female,1,1,100642,4,1,No,5,1,0.999905044,21-07-25,0,1,0,0,0,0,0,1,0,1
31,Female,1,3,33456,13,1,Yes,14,1,0.999999987,01-01-25,0,0,0,1,0,0,0,0,1,1
34,Female,1,4,41949,0,1,No,8,1,0.999997446,15-10-25,0,0,1,0,0,0,0,0,1,1
55,Male,0,4,27239,6,2,No,26,1,0.979713304,11-06-25,1,0,0,0,0,1,0,0,0,1
24,Female,1,3,52049,11,1,No,22,1,0.999975051,24-08-25,0,0,0,0,1,0,1,0,0,1
26,Male,0,2,44285,16,4,Yes,15,1,0.975294921,26-07-25,0,0,1,0,0,1,0,0,0,1
58,Male,0,1,97709,1,3,No,19,1,0.406056028,13-04-25,0,0,1,0,0,0,0,1,0,0
59,Female,1,4,98587,1,2,No,18,1,0.999840249,08-04-25,0,0,0,1,0,1,0,0,0,1
39,Female,1,2,45934,18,3,Yes,2,1,0.999991465,04-11-25,0,1,0,0,0,0,0,0,1,1
59,Male,0,1,117239,14,4,No,23,0,0.002823704,16-04-25,1,0,0,0,0,1,0,0,0,0
38,Female,1,1,59811,9,4,Yes,17,1,0.999989055,26-11-25,0,0,0,0,1,0,1,0,0,1
38,Female,1,4,75123,4,2,Yes,6,1,0.999999867,22-02-25,0,0,0,1,0,0,1,0,0,1
23,Female,1,1,56586,10,4,Yes,11,1,0.999974652,21-04-25,0,1,0,0,0,0,1,0,0,1
44,Female,1,3,100719,10,2,Yes,16,1,0.999998868,08-01-25,0,0,0,0,1,1,0,0,0,1
25,Female,1,4,61240,2,4,Yes,3,1,0.999996079,04-06-25,1,0,0,0,0,0,0,0,1,1
50,Female,1,4,95697,18,3,Yes,21,1,0.999980744,05-01-25,0,0,0,0,1,0,0,1,0,1
39,Male,0,4,56668,5,1,Yes,5,1,0.999990603,21-08-25,0,0,0,1,0,0,0,0,1,1
33,Female,1,2,113229,1,1,No,14,1,0.999947215,06-08-25,1,0,0,0,0,0,0,1,0,1
48,Male,0,1,43321,14,1,No,22,1,0.947360147,27-08-25,0,1,0,0,0,0,1,0,0,1
51,Female,1,3,39262,15,1,Yes,17,1,0.999999983,26-01-25,0,0,0,0,1,0,0,1,0,1
57,Male,0,1,79399,16,3,No,29,0,0.115917693,29-06-25,0,0,0,0,1,0,0,1,0,0
36,Female,1,3,102558,13,2,Yes,28,1,0.999997938,19-03-25,0,0,1,0,0,0,0,0,1,1
45,Female,1,2,36748,13,3,Yes,24,1,0.99999933,07-01-25,1,0,0,0,0,0,0,1,0,1
24,Female,1,3,102838,13,3,Yes,15,1,0.999983951,01-10-25,1,0,0,0,0,0,0,1,0,1
59,Male,0,3,54674,14,4,Yes,25,1,0.982576493,29-04-25,0,0,1,0,0,1,0,0,0,1
58,Male,0,4,110825,6,1,Yes,17,1,0.999915366,19-08-25,1,0,0,0,0,0,0,1,0,1
43,Female,1,2,67915,16,1,Yes,20,1,0.999999923,25-01-25,0,0,0,0,1,0,0,1,0,1
25,Female,1,2,93794,8,1,No,18,1,0.999814824,21-04-25,0,1,0,0,0,0,1,0,0,1
57,Male,0,3,46069,1,3,Yes,8,1,0.999800528,24-08-25,1,0,0,0,0,0,1,0,0,1
40,Male,0,2,80004,5,4,Yes,26,1,0.988207959,16-11-25,0,0,1,0,0,1,0,0,0,1
55,Male,0,3,95703,12,2,No,5,1,0.32208348,16-10-25,0,0,1,0,0,0,0,0,1,0
43,Male,0,1,21605,15,4,No,11,1,0.088107411,14-11-25,0,1,0,0,0,0,0,1,0,0
51,Male,0,3,105655,8,3,Yes,3,1,0.988418712,31-08-25,1,0,0,0,0,0,1,0,0,1
52,Male,0,4,24324,3,4,Yes,6,1,0.99927997,18-11-25,0,0,0,0,1,0,0,0,1,1
41,Male,0,4,48746,3,3,No,6,1,0.770399126,28-04-25,0,0,0,1,0,1,0,0,0,1
51,Male,0,4,33234,1,3,No,11,1,0.918759108,26-01-25,0,0,0,1,0,1,0,0,0,1
26,Male,0,2,50105,3,3,Yes,20,1,0.999667444,13-08-25,1,0,0,0,0,1,0,0,0,1
41,Female,1,1,87584,13,4,No,6,1,0.89739535,20-10-25,0,0,1,0,0,0,0,0,1,1
32,Male,0,3,67362,0,2,Yes,18,1,0.999969864,10-01-25,0,0,0,1,0,0,0,1,0,1
26,Male,0,3,29865,11,2,No,13,1,0.930933634,17-06-25,0,0,1,0,0,0,0,1,0,1
23,Male,0,4,28512,4,1,No,17,1,0.997783499,22-09-25,0,0,1,0,0,0,0,1,0,1
32,Female,1,3,99767,5,3,No,3,1,0.994017112,04-04-25,1,0,0,0,0,0,1,0,0,1
52,Female,1,1,103524,11,2,No,14,1,0.998741815,17-05-25,0,0,0,1,0,0,0,1,0,1
55,Male,0,4,93698,2,1,Yes,8,1,0.999968465,16-11-25,0,0,1,0,0,1,0,0,0,1
43,Male,0,4,25951,7,3,Yes,9,1,0.99970927,17-08-25,0,1,0,0,0,0,0,1,0,1
35,Male,0,4,108861,2,1,No,5,1,0.921472548,05-01-25,1,0,0,0,0,0,1,0,0,1
40,Male,0,3,20077,3,1,Yes,13,1,0.99999883,11-02-25,0,0,0,1,0,1,0,0,0,1
46,Male,0,2,63303,7,3,No,8,0,0.384114493,14-01-25,0,0,1,0,0,0,0,0,1,0
53,Female,1,3,93340,5,1,Yes,23,1,0.99999996,04-03-25,0,0,1,0,0,1,0,0,0,1
36,Male,0,1,39096,16,1,No,15,1,0.964215815,05-11-25,0,0,0,1,0,0,0,0,1,1
27,Male,0,2,112738,6,3,Yes,8,1,0.992220487,11-02-25,0,0,0,0,1,0,0,1,0,1
36,Male,0,3,91324,0,4,No,7,1,0.071782638,06-06-25,0,0,1,0,0,0,1,0,0,0
59,Male,0,1,86656,4,3,No,23,0,0.251939088,16-10-25,0,1,0,0,0,0,0,0,1,0
25,Female,1,2,79201,9,1,No,27,1,0.999961506,26-11-25,0,0,0,0,1,0,0,1,0,1
54,Male,0,2,75180,14,4,No,13,0,0.014643996,04-08-25,0,0,1,0,0,1,0,0,0,0
36,Male,0,1,40103,4,1,Yes,15,1,0.999992313,20-11-25,0,1,0,0,0,1,0,0,0,1
33,Female,1,1,40609,18,3,No,4,1,0.994727373,19-10-25,1,0,0,0,0,0,1,0,0,1
47,Female,1,3,91315,10,2,No,10,1,0.999390876,26-12-25,0,0,0,1,0,0,0,1,0,1
59,Female,1,2,32999,14,2,Yes,14,1,0.99999979,29-12-25,0,1,0,0,0,0,0,0,1,1
33,Female,1,2,95916,7,2,Yes,18,1,0.99999897,21-04-25,0,1,0,0,0,1,0,0,0,1
33,Female,1,4,57219,15,4,Yes,5,1,0.99996445,20-10-25,0,0,1,0,0,1,0,0,0,1
29,Male,0,3,72329,16,4,No,26,0,0.01314845,20-02-25,0,0,1,0,0,1,0,0,0,0
50,Male,0,2,64327,8,2,Yes,11,1,0.999843211,14-09-25,1,0,0,0,0,0,0,1,0,1
58,Female,1,1,21645,3,2,Yes,23,1,0.999999992,09-11-25,0,0,0,1,0,0,1,0,0,1
22,Male,0,3,73173,18,4,No,15,0,0.006858594,29-05-25,0,0,1,0,0,1,0,0,0,0
30,Male,0,1,117416,9,4,No,25,0,0.007196762,27-04-25,0,0,0,1,0,0,1,0,0,0
47,Male,0,1,60738,19,1,Yes,26,1,0.999868736,16-03-25,0,0,0,0,1,1,0,0,0,1
59,Female,1,2,28070,17,3,Yes,2,1,0.999998413,13-12-25,0,0,0,0,1,1,0,0,0,1
38,Female,1,4,61914,11,3,No,19,1,0.997821838,01-07-25,1,0,0,0,0,1,0,0,0,1
45,Male,0,1,87526,19,2,No,21,1,0.225070653,10-12-25,1,0,0,0,0,0,0,1,0,0
54,Female,1,1,57148,10,2,Yes,26,1,0.999999747,05-06-25,0,1,0,0,0,0,0,0,1,1
42,Male,0,1,90480,19,1,No,17,1,0.597566753,28-05-25,0,0,0,0,1,1,0,0,0,1
43,Female,1,4,41566,7,1,Yes,7,1,0.999999994,14-09-25,0,0,0,1,0,1,0,0,0,1
53,Female,1,1,61949,18,3,Yes,24,1,0.999994492,30-07-25,0,0,0,1,0,1,0,0,0,1
53,Male,0,2,79676,16,1,No,29,1,0.827288417,13-10-25,0,0,1,0,0,0,1,0,0,1
37,Male,0,4,109106,17,1,Yes,14,1,0.998962226,24-06-25,1,0,0,0,0,0,1,0,0,1
23,Female,1,2,58000,17,2,Yes,6,1,0.999999201,15-11-25,0,0,0,1,0,1,0,0,0,1
25,Male,0,1,72487,6,3,Yes,10,1,0.998079765,11-06-25,0,0,0,0,1,0,1,0,0,1
54,Male,0,3,101974,17,3,No,29,0,0.023573037,08-01-25,0,1,0,0,0,0,0,1,0,0
22,Male,0,1,96534,2,4,No,23,1,0.057986736,12-09-25,0,0,0,1,0,0,1,0,0,0
29,Female,1,2,51480,14,1,Yes,3,1,0.999999949,20-02-25,0,0,0,0,1,0,0,0,1,1
54,Male,0,4,99111,1,3,No,24,1,0.445726203,19-03-25,0,0,1,0,0,0,0,1,0,0
53,Female,1,4,104458,15,4,No,20,1,0.842062629,14-06-25,0,0,0,0,1,1,0,0,0,1
42,Male,0,2,86358,15,2,No,7,1,0.328716437,26-11-25,0,0,0,1,0,0,0,0,1,0
28,Female,1,1,22198,18,4,Yes,29,1,0.999983063,05-02-25,0,1,0,0,0,0,1,0,0,1
50,Male,0,4,28705,0,3,No,5,1,0.879806436,11-01-25,0,1,0,0,0,0,0,0,1,1
23,Female,1,3,96918,11,4,Yes,5,1,0.999827771,20-10-25,0,1,0,0,0,1,0,0,0,1
59,Female,1,4,83197,8,2,Yes,21,1,0.999999496,21-12-25,0,1,0,0,0,0,0,0,1,1
43,Female,1,4,49975,16,2,No,24,1,0.999702549,28-02-25,0,0,0,1,0,1,0,0,0,1
44,Male,0,4,57599,16,2,Yes,19,1,0.999625822,28-07-25,0,0,0,0,1,0,0,1,0,1
35,Female,1,1,55367,1,1,Yes,25,1,0.999999996,25-12-25,1,0,0,0,0,1,0,0,0,1
30,Female,1,2,37685,10,2,No,4,1,0.999906869,03-06-25,1,0,0,0,0,0,0,1,0,1
50,Female,1,1,94532,10,2,No,18,1,0.999015728,08-05-25,0,0,0,0,1,0,0,0,1,1
42,Female,1,2,58243,8,2,No,2,1,0.999877655,17-01-25,0,0,0,1,0,0,0,1,0,1
58,Male,0,1,98411,9,2,No,21,1,0.350092738,27-01-25,0,1,0,0,0,0,1,0,0,0
52,Male,0,2,49402,7,2,Yes,12,1,0.999907424,25-08-25,1,0,0,0,0,0,1,0,0,1
28,Male,0,2,79052,16,2,No,21,1,0.24582848,09-07-25,0,1,0,0,0,0,0,0,1,0
23,Male,0,4,58709,10,1,Yes,19,1,0.999974495,30-06-25,0,0,0,0,1,1,0,0,0,1
57,Male,0,3,98617,10,4,Yes,11,1,0.930692343,13-06-25,1,0,0,0,0,1,0,0,0,1
56,Male,0,2,48769,14,4,No,22,1,0.05311235,10-03-25,1,0,0,0,0,0,1,0,0,0
54,Male,0,2,94478,19,3,No,3,0,0.020804298,01-09-25,0,0,1,0,0,0,0,1,0,0
38,Female,1,2,44058,12,3,Yes,2,1,0.999998792,20-07-25,1,0,0,0,0,0,0,1,0,1
47,Male,0,2,21524,8,1,No,8,1,0.99453522,17-01-25,0,0,1,0,0,0,1,0,0,1
22,Female,1,1,20060,10,4,No,10,1,0.996677592,25-01-25,1,0,0,0,0,1,0,0,0,1
56,Female,1,3,48145,4,4,Yes,12,1,0.999998227,12-04-25,1,0,0,0,0,0,0,1,0,1
55,Female,1,4,71474,4,4,Yes,27,1,0.999991647,01-11-25,0,1,0,0,0,0,1,0,0,1
38,Male,0,2,56408,16,3,Yes,12,1,0.99356568,14-11-25,0,1,0,0,0,0,0,1,0,1
37,Female,1,4,20338,7,3,No,21,1,0.999805267,22-03-25,0,1,0,0,0,0,0,1,0,1
44,Female,1,1,87957,15,2,No,8,1,0.997312862,25-01-25,0,0,1,0,0,0,0,0,1,1
39,Male,0,1,97454,8,1,No,26,1,0.901504382,16-02-25,0,0,0,0,1,0,1,0,0,1
53,Male,0,2,49711,6,1,No,23,1,0.98951822,09-10-25,0,1,0,0,0,0,0,1,0,1
42,Male,0,2,114457,6,2,Yes,15,1,0.998663719,27-04-25,0,0,1,0,0,0,0,0,1,1
28,Male,0,1,31122,15,4,No,18,1,0.118477009,11-11-25,0,0,0,1,0,0,0,1,0,0
44,Female,1,1,26737,19,3,Yes,3,1,0.999995251,13-04-25,0,1,0,0,0,0,1,0,0,1
38,Male,0,2,94910,2,4,No,28,1,0.065147071,28-10-25,0,0,1,0,0,0,0,0,1,0
55,Female,1,3,115402,7,2,Yes,23,1,0.999998796,30-12-25,1,0,0,0,0,0,1,0,0,1
36,Female,1,4,26640,3,1,No,22,1,0.999997955,29-07-25,0,1,0,0,0,0,0,1,0,1
54,Female,1,4,99273,11,2,Yes,2,1,0.999998523,07-11-25,0,0,0,0,1,1,0,0,0,1
56,Male,0,2,86081,12,1,No,18,1,0.899168077,06-04-25,0,0,0,1,0,0,0,0,1,1
56,Female,1,3,59974,13,4,Yes,29,1,0.999990738,14-11-25,0,0,0,1,0,0,0,1,0,1
37,Male,0,4,103691,14,1,No,10,1,0.646071051,25-12-25,0,0,1,0,0,0,0,0,1,1
41,Male,0,1,30816,16,3,Yes,13,1,0.998295124,22-05-25,1,0,0,0,0,0,0,0,1,1
51,Male,0,2,75619,17,2,No,5,1,0.200476287,02-06-25,0,1,0,0,0,0,1,0,0,0
22,Female,1,1,110093,14,1,Yes,15,1,0.999999462,01-11-25,0,0,0,1,0,1,0,0,0,1
45,Male,0,4,117419,4,1,Yes,5,1,0.999769819,17-07-25,0,1,0,0,0,1,0,0,0,1
45,Male,0,3,49757,12,2,Yes,25,1,0.999818494,18-07-25,0,0,1,0,0,1,0,0,0,1
25,Female,1,3,76979,18,1,No,14,1,0.999718722,26-11-25,0,0,0,1,0,0,1,0,0,1
55,Female,1,1,102856,16,2,Yes,3,1,0.999990962,19-09-25,0,1,0,0,0,1,0,0,0,1
26,Female,1,1,93781,14,3,Yes,17,1,0.99998201,09-01-25,1,0,0,0,0,0,0,0,1,1
56,Male,0,4,38297,16,1,No,27,1,0.974232866,27-06-25,0,0,0,0,1,0,1,0,0,1
39,Male,0,2,44578,2,2,Yes,13,1,0.999971631,30-04-25,0,0,0,0,1,0,1,0,0,1
46,Male,0,1,54701,4,2,No,11,1,0.912054167,15-04-25,0,1,0,0,0,0,0,1,0,1
24,Male,0,3,117820,8,3,No,25,0,0.033291386,14-08-25,0,1,0,0,0,0,1,0,0,0
33,Male,0,2,49192,14,4,No,25,1,0.064220335,18-09-25,0,0,1,0,0,0,0,1,0,0
32,Female,1,3,101121,14,2,Yes,8,1,0.999996639,08-09-25,1,0,0,0,0,1,0,0,0,1
26,Female,1,4,61873,5,1,No,28,1,0.99999173,25-06-25,1,0,0,0,0,0,0,1,0,1
34,Male,0,4,105956,12,1,No,18,1,0.724688091,09-02-25,1,0,0,0,0,0,1,0,0,1
53,Female,1,2,22396,18,2,Yes,3,1,0.999999806,25-02-25,0,0,0,0,1,0,0,0,1,1
55,Male,0,4,112108,12,1,No,6,1,0.713897569,04-08-25,0,0,1,0,0,0,0,1,0,1
40,Male,0,4,39623,0,3,Yes,27,1,0.999916617,31-10-25,0,0,0,0,1,0,1,0,0,1
34,Female,1,3,71756,9,4,No,27,1,0.983588154,07-07-25,1,0,0,0,0,1,0,0,0,1
28,Female,1,1,68874,12,2,Yes,25,1,0.999999725,31-01-25,0,0,0,1,0,0,0,1,0,1
44,Male,0,2,22719,10,1,No,7,1,0.992975304,23-03-25,0,0,0,0,1,1,0,0,0,1
57,Male,0,2,68845,12,1,Yes,12,1,0.999947808,22-10-25,0,0,0,1,0,1,0,0,0,1
23,Female,1,4,115756,13,3,No,17,1,0.954184589,21-08-25,0,1,0,0,0,0,0,1,0,1
38,Female,1,4,51966,1,4,No,24,1,0.998401315,31-12-25,0,0,1,0,0,1,0,0,0,1
56,Male,0,4,90981,18,2,Yes,7,1,0.995985475,15-03-25,1,0,0,0,0,0,0,0,1,1
53,Male,0,2,81246,14,2,Yes,5,1,0.998666558,05-10-25,0,0,0,0,1,1,0,0,0,1
25,Male,0,4,103807,3,2,No,4,1,0.647387126,07-08-25,0,0,0,1,0,0,1,0,0,1
38,Male,0,4,83888,9,2,No,1,1,0.568698326,22-01-25,0,0,0,0,1,0,1,0,0,1
47,Female,1,4,87889,13,4,No,15,1,0.888017449,12-10-25,0,1,0,0,0,0,0,0,1,1
33,Male,0,4,110874,2,4,Yes,29,1,0.972747009,07-01-25,0,1,0,0,0,0,0,1,0,1
50,Male,0,3,64064,5,3,No,15,0,0.528764586,27-02-25,1,0,0,0,0,0,0,0,1,1
44,Female,1,2,31745,13,2,Yes,29,1,0.999999928,04-01-25,0,0,0,1,0,0,1,0,0,1
38,Female,1,3,26540,8,3,Yes,15,1,0.999999577,12-10-25,0,1,0,0,0,0,0,0,1,1
50,Male,0,3,43411,1,3,No,14,1,0.883961068,25-03-25,1,0,0,0,0,0,0,1,0,1
43,Male,0,3,42042,2,1,Yes,12,1,0.999994802,02-04-25,0,1,0,0,0,0,0,0,1,1
50,Female,1,1,59214,15,1,Yes,27,1,0.999999951,25-03-25,0,0,0,1,0,0,1,0,0,1
27,Male,0,3,83416,4,3,No,27,0,0.379496698,14-09-25,1,0,0,0,0,1,0,0,0,0
59,Male,0,3,96961,2,4,No,17,1,0.066513369,08-10-25,0,0,0,0,1,1,0,0,0,0
45,Female,1,4,46385,14,4,No,16,1,0.984697672,27-01-25,0,0,1,0,0,1,0,0,0,1
29,Female,1,4,59341,16,1,Yes,21,1,0.999999877,08-01-25,0,1,0,0,0,1,0,0,0,1
36,Male,0,3,105553,19,3,No,3,0,0.009599151,15-12-25,1,0,0,0,0,0,0,0,1,0
45,Female,1,4,73625,2,4,Yes,14,1,0.999995118,15-01-25,1,0,0,0,0,0,0,0,1,1
46,Male,0,2,31536,11,4,No,4,1,0.131034159,09-01-25,1,0,0,0,0,1,0,0,0,0
59,Male,0,4,94744,1,4,No,8,1,0.064079754,05-03-25,0,0,1,0,0,0,1,0,0,0
34,Male,0,1,46589,17,2,Yes,15,1,0.999451657,05-04-25,1,0,0,0,0,1,0,0,0,1
59,Female,1,4,26154,12,1,Yes,1,1,0.999999989,12-04-25,0,0,1,0,0,0,1,0,0,1
29,Male,0,3,52981,18,4,No,9,0,0.016417951,17-03-25,1,0,0,0,0,0,0,0,1,0
53,Male,0,3,94319,19,1,No,10,1,0.600382758,30-08-25,0,0,0,1,0,0,0,0,1,1
54,Male,0,2,26368,0,1,Yes,13,1,0.999998251,18-03-25,0,1,0,0,0,1,0,0,0,1
47,Female,1,2,72326,1,2,Yes,7,1,0.999999918,31-03-25,1,0,0,0,0,1,0,0,0,1
36,Male,0,2,85641,11,1,Yes,8,1,0.999755127,13-11-25,0,1,0,0,0,0,1,0,0,1
24,Male,0,3,21925,8,2,Yes,9,1,0.999939704,25-12-25,0,1,0,0,0,1,0,0,0,1
52,Female,1,4,53320,17,4,Yes,8,1,0.999976384,24-11-25,0,0,0,0,1,0,0,1,0,1
49,Male,0,2,45683,14,3,Yes,7,1,0.996272842,25-03-25,0,1,0,0,0,0,0,0,1,1
37,Male,0,4,31653,2,3,Yes,9,1,0.99988809,07-07-25,0,0,0,0,1,0,0,0,1,1
35,Male,0,3,35313,11,3,Yes,12,1,0.999376202,25-01-25,0,0,0,1,0,0,0,0,1,1
40,Male,0,3,72579,12,4,Yes,29,1,0.97247627,29-04-25,0,0,1,0,0,1,0,0,0,1
53,Female,1,3,109899,17,2,No,18,1,0.995782755,30-07-25,0,0,0,1,0,0,0,1,0,1
43,Male,0,1,22920,2,4,Yes,10,1,0.99956703,31-08-25,0,0,0,1,0,0,0,1,0,1
56,Female,1,1,36309,14,1,No,7,1,0.999972166,28-11-25,0,0,1,0,0,0,0,0,1,1
51,Female,1,1,79321,19,1,No,4,1,0.999386035,08-08-25,0,1,0,0,0,0,0,1,0,1
41,Female,1,4,59063,17,1,Yes,19,1,0.99999991,06-04-25,0,0,1,0,0,1,0,0,0,1
57,Male,0,2,51860,1,4,No,4,1,0.348782993,07-03-25,0,0,0,1,0,0,0,0,1,0
36,Male,0,2,96707,5,3,Yes,10,1,0.996628916,31-08-25,0,0,0,1,0,0,0,0,1,1
33,Female,1,3,68364,17,4,No,21,1,0.959114964,13-08-25,0,0,0,1,0,0,0,1,0,1
56,Male,0,2,39975,3,4,No,23,1,0.409990399,25-10-25,1,0,0,0,0,1,0,0,0,0
35,Female,1,2,69153,4,1,Yes,6,1,0.99999998,10-02-25,0,0,1,0,0,0,1,0,0,1
35,Female,1,4,55046,19,2,No,7,1,0.998744981,22-11-25,1,0,0,0,0,0,1,0,0,1
38,Male,0,3,81272,1,3,No,5,1,0.527355653,18-09-25,1,0,0,0,0,0,0,1,0,1
22,Male,0,4,106475,3,1,No,23,1,0.901194043,30-10-25,0,1,0,0,0,1,0,0,0,1
52,Female,1,3,72233,2,2,Yes,14,1,0.999999873,21-03-25,0,1,0,0,0,0,0,0,1,1
31,Female,1,1,96619,8,1,No,5,1,0.99980934,03-10-25,0,1,0,0,0,0,0,1,0,1
29,Female,1,3,43499,0,1,No,22,1,0.999997624,11-10-25,1,0,0,0,0,0,1,0,0,1
58,Male,0,3,91652,11,1,No,17,1,0.890558668,30-04-25,0,0,0,1,0,0,1,0,0,1
49,Female,1,3,87278,5,4,Yes,27,1,0.999985802,30-11-25,0,0,1,0,0,0,1,0,0,1
23,Male,0,1,67614,4,4,Yes,26,1,0.993335242,12-10-25,0,0,1,0,0,1,0,0,0,1
22,Female,1,3,21058,5,1,No,21,1,0.999998674,28-02-25,0,0,0,1,0,0,0,1,0,1
26,Male,0,1,29200,18,2,Yes,12,1,0.999734204,03-10-25,0,0,1,0,0,0,0,1,0,1
45,Female,1,3,85661,1,1,No,18,1,0.999986689,12-10-25,0,0,0,1,0,0,0,0,1,1
52,Female,1,4,26638,10,2,No,23,1,0.999948739,21-10-25,0,1,0,0,0,0,0,1,0,1
41,Female,1,3,42911,12,4,No,16,1,0.989525203,22-08-25,0,0,1,0,0,0,1,0,0,1
29,Female,1,2,43196,5,1,Yes,15,1,0.999999994,27-03-25,1,0,0,0,0,1,0,0,0,1
55,Female,1,1,67414,10,2,No,18,1,0.999682032,25-05-25,1,0,0,0,0,0,0,0,1,1
47,Male,0,4,85838,7,1,Yes,12,1,0.999944966,24-11-25,0,0,1,0,0,1,0,0,0,1
46,Male,0,2,50659,0,1,Yes,19,1,0.999996703,14-10-25,0,0,1,0,0,0,1,0,0,1
37,Male,0,2,39508,15,1,No,9,1,0.967975494,31-03-25,0,0,0,1,0,0,0,0,1,1
49,Female,1,2,37087,5,3,No,9,1,0.999777269,10-06-25,1,0,0,0,0,0,0,1,0,1
46,Male,0,4,92460,8,1,Yes,13,1,0.999916863,08-06-25,1,0,0,0,0,0,0,0,1,1
32,Female,1,4,49165,3,2,No,19,1,0.999962127,23-03-25,1,0,0,0,0,1,0,0,0,1
34,Female,1,1,45426,12,3,No,1,1,0.998412028,10-12-25,1,0,0,0,0,0,0,1,0,1
28,Male,0,1,71924,14,1,No,12,1,0.883637247,18-07-25,0,0,0,1,0,0,1,0,0,1
36,Female,1,1,97714,0,1,Yes,17,1,0.999999974,18-10-25,1,0,0,0,0,1,0,0,0,1
59,Female,1,2,96743,13,2,Yes,10,1,0.999998329,22-09-25,0,0,0,1,0,0,1,0,0,1
24,Male,0,1,113977,7,4,No,2,0,0.007277257,27-04-25,0,0,0,0,1,0,0,0,1,0
50,Male,0,2,24760,11,1,No,2,1,0.991526562,31-10-25,0,0,1,0,0,0,0,1,0,1
58,Female,1,3,31563,3,3,No,11,1,0.999875063,09-12-25,0,0,0,0,1,1,0,0,0,1
27,Female,1,2,79889,11,3,No,11,1,0.992922322,21-01-25,1,0,0,0,0,0,1,0,0,1
44,Female,1,3,89967,14,1,No,28,1,0.999837175,08-10-25,0,0,0,1,0,0,1,0,0,1
57,Female,1,3,56914,14,4,No,21,1,0.978669073,21-05-25,0,0,1,0,0,0,0,0,1,1
43,Female,1,3,66881,13,1,No,4,1,0.99991007,21-02-25,1,0,0,0,0,1,0,0,0,1
48,Female,1,1,92430,2,4,No,16,1,0.985441321,16-04-25,0,0,1,0,0,1,0,0,0,1
57,Female,1,2,32289,16,1,Yes,4,1,0.99999998,31-03-25,0,0,0,0,1,0,0,1,0,1
46,Male,0,2,119590,11,2,No,7,1,0.202255128,08-06-25,1,0,0,0,0,0,0,1,0,0
28,Male,0,3,38743,16,2,No,29,1,0.836140704,25-10-25,1,0,0,0,0,0,0,1,0,1
57,Female,1,4,32149,6,2,No,1,1,0.9999613,21-06-25,0,0,1,0,0,1,0,0,0,1
34,Male,0,3,85429,8,2,Yes,9,1,0.999442123,28-09-25,0,0,0,0,1,0,1,0,0,1
31,Male,0,4,96153,9,4,Yes,24,1,0.943824733,27-07-25,0,1,0,0,0,0,0,1,0,1
47,Female,1,3,54084,3,2,Yes,24,1,0.999999961,19-01-25,1,0,0,0,0,0,1,0,0,1
57,Male,0,4,51910,9,1,Yes,18,1,0.999988773,13-06-25,0,0,0,1,0,0,0,0,1,1
31,Male,0,1,84174,16,3,No,12,0,0.043092767,14-08-25,1,0,0,0,0,0,0,0,1,0
54,Male,0,3,100532,16,2,Yes,16,1,0.996717,20-10-25,0,0,0,1,0,0,1,0,0,1
36,Male,0,3,53755,6,4,Yes,11,1,0.99509671,18-05-25,0,0,0,0,1,0,0,0,1,1
30,Male,0,2,77784,1,4,No,3,1,0.115170632,20-09-25,0,0,0,1,0,0,1,0,0,0
42,Male,0,2,114018,9,2,Yes,29,1,0.998545837,16-06-25,0,0,0,1,0,0,1,0,0,1
32,Female,1,3,49371,13,3,Yes,4,1,0.99999595,06-08-25,0,1,0,0,0,0,1,0,0,1
59,Female,1,2,51007,6,1,Yes,14,1,0.999999993,05-02-25,0,0,0,1,0,0,0,0,1,1
58,Male,0,1,93379,2,1,Yes,8,1,0.999967079,19-12-25,0,0,0,0,1,0,1,0,0,1
27,Female,1,1,92240,1,4,Yes,5,1,0.999985493,27-01-25,1,0,0,0,0,1,0,0,0,1
53,Female,1,1,76549,7,2,No,3,1,0.999722631,27-10-25,1,0,0,0,0,0,0,1,0,1
24,Female,1,2,118117,1,3,Yes,12,1,0.999995449,15-09-25,0,0,0,0,1,1,0,0,0,1
59,Female,1,1,29686,19,4,Yes,22,1,0.999986994,27-10-25,0,0,0,1,0,0,1,0,0,1
57,Female,1,1,62828,14,1,No,23,1,0.999932551,27-07-25,0,0,1,0,0,1,0,0,0,1
51,Female,1,1,88619,16,4,Yes,12,1,0.99985429,16-05-25,0,0,0,0,1,0,1,0,0,1
41,Male,0,3,119983,12,3,No,28,0,0.037421985,25-04-25,0,0,1,0,0,0,0,1,0,0
26,Male,0,4,82711,11,1,Yes,25,1,0.999948281,13-10-25,0,0,0,1,0,0,0,1,0,1
42,Male,0,4,105957,17,4,Yes,7,1,0.776501318,15-10-25,0,0,0,0,1,0,0,1,0,1
54,Male,0,1,96559,11,2,Yes,20,1,0.997703284,14-08-25,0,1,0,0,0,0,1,0,0,1
35,Male,0,4,25782,17,1,Yes,2,1,0.999962534,27-12-25,0,1,0,0,0,0,0,1,0,1
42,Female,1,2,50682,8,1,No,11,1,0.999990371,19-11-25,0,0,0,1,0,0,0,1,0,1
44,Female,1,2,56035,17,3,Yes,6,1,0.999994737,23-05-25,0,0,0,1,0,0,1,0,0,1
43,Male,0,4,84612,19,2,No,12,1,0.129506659,27-08-25,0,1,0,0,0,1,0,0,0,0
59,Female,1,2,107468,2,2,No,24,1,0.999604161,07-06-25,0,0,1,0,0,0,1,0,0,1
35,Male,0,2,72290,15,3,No,20,0,0.096340273,14-01-25,1,0,0,0,0,0,1,0,0,0
30,Male,0,3,44226,1,3,Yes,2,1,0.999828674,25-07-25,1,0,0,0,0,0,0,1,0,1
41,Female,1,2,68895,9,1,Yes,2,1,0.99999992,08-10-25,0,1,0,0,0,0,1,0,0,1
54,Male,0,4,93822,13,1,No,14,1,0.803194156,02-12-25,0,0,1,0,0,0,0,0,1,1
24,Female,1,3,71112,5,1,Yes,13,1,0.99999998,27-04-25,0,0,0,0,1,0,1,0,0,1
55,Male,0,4,37347,14,4,No,13,1,0.085785295,12-01-25,1,0,0,0,0,0,0,0,1,0
53,Male,0,4,31871,12,3,Yes,14,1,0.999546541,20-01-25,0,0,0,0,1,0,0,1,0,1
39,Male,0,1,75099,5,4,Yes,29,1,0.990964622,12-02-25,1,0,0,0,0,0,0,0,1,1
23,Male,0,4,112822,18,3,No,19,0,0.010925695,05-01-25,1,0,0,0,0,0,0,0,1,0
40,Male,0,2,117033,1,2,No,11,1,0.613949562,27-06-25,0,0,0,0,1,0,0,0,1,1
52,Male,0,4,115694,8,3,No,19,0,0.075749562,09-04-25,0,0,0,0,1,1,0,0,0,0
42,Male,0,1,70331,13,3,Yes,7,1,0.996228831,21-03-25,0,0,0,1,0,0,0,1,0,1
37,Male,0,4,61568,3,4,No,7,0,0.187117981,09-02-25,0,0,0,1,0,0,1,0,0,0
38,Male,0,1,86918,19,1,No,20,1,0.482065866,04-05-25,0,1,0,0,0,0,1,0,0,0
59,Male,0,3,77009,4,4,Yes,29,1,0.989319185,07-01-25,0,1,0,0,0,1,0,0,0,1
48,Female,1,4,47605,13,3,Yes,5,1,0.999998382,27-03-25,0,0,0,0,1,0,0,0,1,1
26,Female,1,2,82646,1,2,No,27,1,0.999886893,03-09-25,1,0,0,0,0,0,0,0,1,1
59,Male,0,3,43177,6,1,Yes,1,1,0.99999238,13-01-25,0,0,0,0,1,0,1,0,0,1
42,Female,1,2,110353,12,1,No,21,1,0.99951504,04-12-25,0,1,0,0,0,0,0,1,0,1
58,Male,0,1,20671,3,1,No,3,1,0.998054445,07-07-25,0,0,0,0,1,0,1,0,0,1
32,Female,1,3,42420,19,4,No,23,1,0.969192162,27-04-25,1,0,0,0,0,1,0,0,0,1
47,Female,1,2,45121,19,4,No,28,1,0.951462338,23-03-25,0,1,0,0,0,1,0,0,0,1
56,Male,0,1,48380,19,1,Yes,6,1,0.999922039,11-02-25,0,0,0,0,1,0,0,1,0,1
42,Female,1,2,73352,16,4,No,9,1,0.941386982,09-05-25,0,0,0,0,1,0,0,1,0,1
23,Male,0,4,23631,0,2,No,18,1,0.993589031,10-11-25,0,0,0,1,0,0,0,0,1,1
42,Female,1,4,112961,7,3,Yes,22,1,0.999993602,19-07-25,0,0,1,0,0,0,0,1,0,1
36,Female,1,1,27099,12,3,No,5,1,0.999268512,28-03-25,0,0,0,1,0,0,1,0,0,1
58,Female,1,4,90476,7,1,No,23,1,0.99996013,12-02-25,0,0,1,0,0,0,0,1,0,1
22,Male,0,1,48082,2,4,Yes,17,1,0.997538061,13-05-25,0,0,1,0,0,0,1,0,0,1
41,Male,0,1,114439,13,4,Yes,11,1,0.756408389,30-07-25,1,0,0,0,0,1,0,0,0,1
28,Female,1,3,84027,18,3,Yes,26,1,0.999987338,18-09-25,0,0,0,0,1,0,0,1,0,1
26,Female,1,2,96295,9,2,Yes,15,1,0.999998322,08-08-25,0,1,0,0,0,1,0,0,0,1
38,Male,0,3,81063,7,1,Yes,9,1,0.99995459,18-02-25,0,0,0,0,1,1,0,0,0,1
57,Male,0,2,26979,13,1,Yes,9,1,0.999988228,05-08-25,0,0,0,0,1,1,0,0,0,1
31,Male,0,1,105667,11,3,No,8,0,0.045364931,15-09-25,0,0,0,1,0,0,1,0,0,0
34,Male,0,1,59071,15,4,No,28,0,0.028578697,14-08-25,1,0,0,0,0,0,0,0,1,0
32,Female,1,2,65838,16,4,No,18,1,0.941633868,02-07-25,0,0,1,0,0,1,0,0,0,1
30,Male,0,1,90119,13,4,Yes,26,1,0.926614045,24-04-25,0,0,0,0,1,0,0,0,1,1
43,Female,1,4,22461,19,1,No,12,1,0.999971752,15-10-25,0,0,0,0,1,1,0,0,0,1
42,Female,1,3,50841,6,1,Yes,12,1,0.999999993,21-08-25,0,0,0,1,0,0,0,0,1,1
39,Female,1,1,48044,7,2,Yes,8,1,0.999999917,26-08-25,0,0,0,0,1,1,0,0,0,1
28,Male,0,3,34571,10,4,No,22,1,0.197249789,30-05-25,0,0,0,1,0,0,1,0,0,0
46,Female,1,2,43387,12,2,Yes,2,1,0.999999807,29-01-25,1,0,0,0,0,1,0,0,0,1
42,Male,0,3,75731,17,3,Yes,15,1,0.986632539,29-03-25,0,0,1,0,0,0,0,0,1,1
34,Male,0,2,23754,4,1,Yes,1,1,0.99999703,03-07-25,0,0,1,0,0,1,0,0,0,1
24,Female,1,3,38037,18,3,No,29,1,0.998009317,30-01-25,1,0,0,0,0,0,0,1,0,1
46,Male,0,4,49806,7,2,No,26,1,0.945974579,24-05-25,0,0,0,1,0,1,0,0,0,1
29,Male,0,1,75147,4,3,Yes,1,1,0.99857899,14-04-25,0,0,0,1,0,1,0,0,0,1
56,Male,0,4,115081,1,3,Yes,25,1,0.997530564,10-01-25,0,0,0,0,1,0,0,0,1,1
42,Male,0,4,100102,1,1,Yes,16,1,0.99997659,13-01-25,1,0,0,0,0,0,0,1,0,1
30,Female,1,4,104899,9,2,No,26,1,0.998650057,23-02-25,0,0,1,0,0,0,1,0,0,1
33,Female,1,1,83437,13,1,Yes,2,1,0.999999803,20-01-25,0,0,0,0,1,0,1,0,0,1
32,Male,0,4,109822,5,4,No,19,0,0.018076523,11-04-25,0,0,1,0,0,1,0,0,0,0
25,Male,0,3,29596,3,4,Yes,10,1,0.998097016,24-01-25,0,1,0,0,0,0,0,0,1,1
56,Female,1,2,87364,5,1,No,22,1,0.999968764,25-12-25,0,0,0,0,1,0,0,0,1,1
42,Female,1,2,112197,13,4,No,28,1,0.860447097,26-02-25,0,0,1,0,0,0,0,1,0,1
41,Male,0,1,47766,6,4,Yes,29,1,0.994703403,14-01-25,0,1,0,0,0,1,0,0,0,1
24,Male,0,4,68868,15,2,Yes,23,1,0.999169225,11-09-25,0,0,1,0,0,1,0,0,0,1
45,Male,0,2,36029,17,3,Yes,28,1,0.998086171,01-03-25,0,0,1,0,0,1,0,0,0,1
40,Male,0,1,88926,13,3,Yes,22,1,0.986629744,01-06-25,0,1,0,0,0,0,0,1,0,1
33,Male,0,2,41817,5,1,Yes,4,1,0.999991914,11-07-25,0,0,1,0,0,0,1,0,0,1
40,Male,0,4,101580,3,2,No,23,1,0.798907502,23-04-25,0,0,0,0,1,0,0,1,0,1
54,Male,0,2,119134,19,1,Yes,27,1,0.998463578,08-09-25,0,0,0,0,1,0,0,0,1,1
32,Female,1,1,53787,12,1,No,17,1,0.999937125,17-07-25,0,1,0,0,0,0,0,0,1,1
25,Male,0,4,50447,14,3,No,15,0,0.173742069,17-07-25,0,1,0,0,0,1,0,0,0,0
35,Male,0,4,77418,6,1,No,26,1,0.972532242,21-11-25,1,0,0,0,0,1,0,0,0,1
31,Male,0,2,66850,12,3,No,17,0,0.190931555,16-12-25,1,0,0,0,0,0,0,0,1,0
27,Male,0,1,110106,12,3,Yes,21,1,0.956728812,04-02-25,0,1,0,0,0,0,1,0,0,1
47,Female,1,3,114788,4,4,Yes,17,1,0.999965614,15-03-25,0,0,0,1,0,0,0,0,1,1
26,Female,1,4,46201,3,2,Yes,7,1,0.999999965,22-10-25,0,0,0,0,1,1,0,0,0,1
56,Male,0,1,22839,3,2,Yes,9,1,0.999984636,01-07-25,0,0,1,0,0,0,1,0,0,1
52,Male,0,4,33975,3,1,No,24,1,0.998254006,30-12-25,0,0,0,1,0,1,0,0,0,1
51,Male,0,2,94971,6,3,No,23,0,0.138639845,08-08-25,0,1,0,0,0,0,0,0,1,0
35,Female,1,4,70057,15,4,Yes,22,1,0.999930192,16-04-25,0,1,0,0,0,0,0,0,1,1
46,Male,0,1,69733,11,1,No,13,1,0.954356773,16-08-25,0,0,0,0,1,0,0,1,0,1
41,Female,1,2,38681,10,1,No,21,1,0.99998964,15-07-25,0,0,0,0,1,1,0,0,0,1
54,Female,1,3,117798,5,3,Yes,15,1,0.999993917,09-06-25,0,0,1,0,0,0,0,1,0,1
32,Male,0,4,97454,15,3,No,21,0,0.064781652,03-06-25,0,0,0,1,0,0,0,1,0,0
35,Male,0,1,40644,17,1,Yes,3,1,0.999932814,28-03-25,1,0,0,0,0,0,0,0,1,1
47,Female,1,1,117239,16,3,No,19,1,0.95933289,11-12-25,0,0,0,1,0,0,0,1,0,1
42,Male,0,4,62891,8,1,Yes,18,1,0.999963144,27-04-25,0,1,0,0,0,0,1,0,0,1
25,Female,1,3,108553,6,2,Yes,23,1,0.999998547,16-10-25,0,1,0,0,0,0,1,0,0,1
38,Male,0,4,117852,1,4,Yes,26,1,0.974431472,12-02-25,1,0,0,0,0,0,0,0,1,1
43,Female,1,1,106544,1,2,No,14,1,0.99968326,17-07-25,0,0,0,1,0,1,0,0,0,1
55,Male,0,1,67945,4,2,Yes,22,1,0.999841714,22-04-25,0,1,0,0,0,1,0,0,0,1
23,Male,0,2,85633,15,4,No,19,0,0.009427426,05-05-25,0,0,1,0,0,0,0,1,0,0
43,Female,1,4,94071,14,4,Yes,6,1,0.999836653,28-02-25,0,1,0,0,0,0,0,1,0,1
31,Female,1,3,87263,18,3,No,17,1,0.973605673,01-02-25,0,0,0,0,1,0,1,0,0,1
28,Male,0,1,32819,3,2,No,20,1,0.981917663,02-08-25,0,0,1,0,0,0,0,1,0,1
36,Female,1,4,30983,14,2,No,20,1,0.999887224,02-04-25,0,0,0,0,1,1,0,0,0,1
35,Female,1,3,76700,8,4,No,26,1,0.986460833,11-10-25,0,0,0,1,0,0,0,0,1,1
47,Female,1,1,49118,1,1,Yes,24,1,0.999999998,11-09-25,0,0,1,0,0,0,0,1,0,1
24,Female,1,4,111179,0,2,No,20,1,0.999639658,15-08-25,0,0,1,0,0,0,0,0,1,1
27,Male,0,3,68563,17,3,Yes,19,1,0.99272486,16-07-25,1,0,0,0,0,0,0,1,0,1
32,Male,0,4,91947,9,4,No,24,0,0.031662792,24-10-25,0,0,0,0,1,0,0,1,0,0
57,Male,0,1,27239,8,3,Yes,15,1,0.99967675,26-08-25,0,0,1,0,0,0,1,0,0,1
39,Female,1,2,26971,19,2,Yes,12,1,0.999999636,20-09-25,0,1,0,0,0,0,0,1,0,1
37,Male,0,3,31116,2,3,Yes,18,1,0.999821789,29-12-25,0,1,0,0,0,1,0,0,0,1
59,Male,0,1,105120,7,1,No,28,1,0.937030592,25-06-25,0,0,0,1,0,0,0,1,0,1
58,Female,1,4,59901,5,2,Yes,22,1,0.999999943,02-10-25,0,0,0,0,1,1,0,0,0,1
53,Female,1,1,82987,10,2,Yes,23,1,0.999999438,16-01-25,1,0,0,0,0,0,1,0,0,1
22,Female,1,3,51852,12,2,Yes,4,1,0.999999746,12-04-25,0,0,0,1,0,0,1,0,0,1
52,Male,0,3,28438,4,1,Yes,3,1,0.999996817,19-12-25,0,0,1,0,0,0,1,0,0,1
25,Female,1,1,112051,1,2,No,5,1,0.999252478,15-08-25,0,0,1,0,0,0,1,0,0,1
49,Male,0,1,69416,19,2,No,18,1,0.329034022,14-05-25,0,0,0,0,1,0,1,0,0,0
40,Female,1,4,101835,10,2,No,15,1,0.998691035,30-12-25,0,0,0,0,1,0,0,0,1,1
30,Female,1,1,101623,1,2,Yes,3,1,0.999999704,17-03-25,0,0,1,0,0,0,0,1,0,1
49,Female,1,2,89615,0,1,Yes,3,1,0.999999982,29-06-25,0,0,0,0,1,0,0,0,1,1
55,Female,1,1,91986,14,2,No,26,1,0.998643943,16-03-25,0,0,1,0,0,0,0,1,0,1
44,Female,1,4,61855,16,1,Yes,12,1,0.99999991,19-05-25,1,0,0,0,0,0,0,0,1,1
51,Female,1,3,52602,2,1,No,20,1,0.999996107,29-09-25,0,0,0,0,1,0,0,0,1,1
55,Female,1,2,57346,7,4,No,28,1,0.994732811,16-02-25,0,0,0,0,1,0,1,0,0,1
27,Female,1,1,58547,0,4,Yes,23,1,0.999998844,09-12-25,0,0,0,1,0,0,0,1,0,1
24,Male,0,4,118745,14,2,No,15,1,0.116458497,10-07-25,0,0,0,0,1,0,1,0,0,0
42,Male,0,3,29528,13,4,No,14,1,0.118788888,08-02-25,0,0,1,0,0,1,0,0,0,0
30,Male,0,3,70939,12,3,Yes,18,1,0.996643944,25-04-25,0,0,0,1,0,0,0,0,1,1
54,Male,0,2,92954,1,4,Yes,14,1,0.982314634,07-02-25,0,1,0,0,0,1,0,0,0,1
35,Female,1,4,106516,7,2,Yes,3,1,0.999998827,27-05-25,1,0,0,0,0,0,0,0,1,1
51,Female,1,3,32109,19,1,Yes,25,1,0.999999959,10-12-25,0,1,0,0,0,0,0,1,0,1
35,Male,0,2,54518,15,1,Yes,19,1,0.999939549,20-04-25,1,0,0,0,0,0,0,0,1,1
24,Female,1,2,41778,8,4,No,20,1,0.991922412,22-06-25,0,1,0,0,0,0,1,0,0,1
28,Female,1,2,92766,8,3,No,28,1,0.994567118,01-05-25,0,0,1,0,0,0,1,0,0,1
40,Male,0,3,76307,13,4,Yes,6,1,0.965942634,13-11-25,0,0,0,1,0,0,0,1,0,1
57,Female,1,4,63472,8,4,No,1,1,0.984639913,04-11-25,0,1,0,0,0,0,0,1,0,1
46,Female,1,2,115028,2,1,Yes,27,1,0.999999939,30-11-25,0,0,1,0,0,0,0,0,1,1
51,Female,1,1,91363,3,4,No,8,1,0.982039848,02-01-25,1,0,0,0,0,0,0,0,1,1
43,Male,0,1,83095,15,1,Yes,17,1,0.999759104,07-06-25,1,0,0,0,0,0,1,0,0,1
33,Male,0,3,86314,13,2,Yes,21,1,0.999265606,12-09-25,0,0,0,1,0,0,0,1,0,1
42,Female,1,1,99151,19,1,No,3,1,0.997877807,21-06-25,0,1,0,0,0,1,0,0,0,1
54,Male,0,1,87580,8,1,Yes,9,1,0.999936435,20-11-25,0,0,1,0,0,0,0,1,0,1
56,Male,0,1,106497,0,4,Yes,13,1,0.986873721,09-12-25,1,0,0,0,0,0,0,1,0,1
33,Male,0,2,91853,14,3,Yes,9,1,0.970051922,27-05-25,0,1,0,0,0,0,0,0,1,1
47,Female,1,4,108668,7,1,No,19,1,0.999901165,07-02-25,1,0,0,0,0,0,0,1,0,1
41,Male,0,1,98002,3,3,No,7,0,0.197157178,14-12-25,1,0,0,0,0,0,1,0,0,0
49,Female,1,4,107445,11,1,Yes,3,1,0.999999495,08-12-25,0,1,0,0,0,1,0,0,0,1
23,Male,0,4,37569,8,1,No,8,1,0.992917339,28-03-25,0,0,0,0,1,0,0,1,0,1
59,Female,1,2,22261,17,1,Yes,29,1,0.999999986,25-09-25,1,0,0,0,0,1,0,0,0,1
27,Female,1,2,24378,7,3,Yes,28,1,0.999999785,28-12-25,0,1,0,0,0,0,0,1,0,1
22,Female,1,1,95868,12,1,No,3,1,0.9997386,22-05-25,1,0,0,0,0,0,0,1,0,1
56,Male,0,4,76044,19,4,No,17,0,0.004413902,21-05-25,0,1,0,0,0,0,0,0,1,0
59,Male,0,1,37709,16,2,Yes,8,1,0.999797723,12-02-25,0,0,0,0,1,0,0,1,0,1
41,Male,0,4,116038,16,4,Yes,10,1,0.522665354,29-12-25,0,1,0,0,0,0,1,0,0,1
30,Female,1,4,90448,8,1,No,24,1,0.999930975,04-10-25,0,0,0,0,1,0,1,0,0,1
34,Female,1,4,100650,13,3,Yes,11,1,0.999980807,29-11-25,0,0,1,0,0,0,0,0,1,1
22,Male,0,4,81035,18,4,No,8,0,0.002914936,19-04-25,0,1,0,0,0,0,0,0,1,0
33,Female,1,1,88847,0,1,No,26,1,0.999970948,13-04-25,0,1,0,0,0,0,1,0,0,1
49,Female,1,2,101348,7,1,Yes,27,1,0.999999917,23-06-25,0,0,1,0,0,1,0,0,0,1
44,Female,1,2,55820,14,3,Yes,17,1,0.999997241,24-06-25,0,0,0,0,1,0,1,0,0,1
41,Female,1,2,66737,1,4,Yes,1,1,0.999992385,07-05-25,0,1,0,0,0,0,1,0,0,1
57,Male,0,2,117938,14,4,No,8,0,0.002421997,25-03-25,0,0,0,0,1,0,0,0,1,0
54,Female,1,4,64409,18,3,No,9,1,0.992399362,15-09-25,0,0,0,1,0,0,0,0,1,1
50,Female,1,1,71649,18,3,No,13,1,0.991145252,23-09-25,0,0,0,1,0,0,0,1,0,1
35,Female,1,2,90194,8,1,Yes,7,1,0.999999838,28-01-25,0,1,0,0,0,0,1,0,0,1
24,Female,1,4,80058,1,1,Yes,6,1,0.999999988,16-12-25,0,0,0,1,0,0,0,0,1,1
23,Male,0,1,48669,11,3,Yes,11,1,0.998199234,17-11-25,0,0,1,0,0,0,0,0,1,1
36,Male,0,2,58244,16,3,No,25,0,0.223065212,06-10-25,0,0,0,0,1,0,0,1,0,0
45,Female,1,1,27461,10,2,No,4,1,0.999940548,09-04-25,0,0,0,1,0,0,0,0,1,1
30,Female,1,1,95749,11,2,Yes,3,1,0.999998536,14-07-25,0,0,1,0,0,0,0,1,0,1
49,Male,0,4,59758,8,3,No,23,0,0.456153012,26-12-25,0,0,1,0,0,0,1,0,0,0
32,Female,1,4,67775,3,4,No,1,1,0.993601429,16-06-25,0,0,0,0,1,1,0,0,0,1
55,Male,0,4,60603,4,3,Yes,4,1,0.99951702,25-02-25,1,0,0,0,0,0,0,1,0,1
22,Male,0,1,104526,19,3,Yes,29,1,0.944143738,21-07-25,0,0,0,0,1,0,0,0,1,1
39,Female,1,4,64014,10,1,Yes,17,1,0.999999962,21-10-25,0,1,0,0,0,0,0,1,0,1
26,Male,0,4,20929,15,4,Yes,24,1,0.994409416,23-07-25,0,0,1,0,0,0,0,0,1,1
59,Female,1,1,37438,3,1,Yes,13,1,0.999999997,21-11-25,0,0,1,0,0,0,0,0,1,1
51,Male,0,4,39799,2,3,Yes,13,1,0.999852588,17-09-25,0,0,0,0,1,0,1,0,0,1
47,Male,0,3,27597,10,4,No,27,1,0.306231983,22-08-25,0,0,0,1,0,1,0,0,0,0
27,Female,1,3,73161,4,2,No,29,1,0.999898712,06-02-25,0,0,0,1,0,0,1,0,0,1
58,Male,0,3,47734,5,4,No,18,1,0.159781233,20-07-25,0,1,0,0,0,0,1,0,0,0
50,Female,1,1,40538,14,2,No,20,1,0.999846547,19-04-25,1,0,0,0,0,0,0,1,0,1
53,Female,1,4,62261,3,1,Yes,5,1,0.999999989,01-11-25,0,1,0,0,0,0,0,1,0,1
34,Female,1,2,28556,18,3,No,10,1,0.998339457,20-12-25,0,0,0,0,1,0,0,1,0,1
53,Male,0,1,76882,16,1,No,14,1,0.818323432,21-01-25,0,0,0,0,1,0,1,0,0,1
32,Female,1,3,95250,0,4,No,24,1,0.990699926,05-05-25,1,0,0,0,0,0,0,0,1,1
56,Male,0,1,78478,1,3,No,4,1,0.525046821,30-09-25,0,0,0,1,0,0,1,0,0,1
56,Male,0,4,77169,7,2,Yes,25,1,0.999669951,01-06-25,0,1,0,0,0,0,0,0,1,1
40,Female,1,1,78342,7,4,No,5,1,0.97511923,25-05-25,0,0,1,0,0,0,0,0,1,1
58,Female,1,4,112021,18,3,No,27,1,0.941193084,27-04-25,0,0,1,0,0,0,1,0,0,1
55,Female,1,3,46421,12,3,Yes,12,1,0.999997961,03-09-25,0,1,0,0,0,0,0,0,1,1
42,Female,1,2,75690,6,4,No,5,1,0.972831928,03-07-25,0,1,0,0,0,1,0,0,0,1
41,Male,0,1,86093,11,2,Yes,17,1,0.998833023,27-05-25,0,1,0,0,0,0,0,1,0,1
47,Male,0,4,80011,11,4,Yes,6,1,0.966880861,02-07-25,0,0,0,1,0,0,0,0,1,1
57,Male,0,2,78954,0,2,No,24,1,0.939039367,22-07-25,0,0,0,1,0,0,1,0,0,1
38,Female,1,3,75220,13,3,Yes,18,1,0.999995378,02-04-25,0,0,0,1,0,0,1,0,0,1
25,Female,1,3,118668,2,4,No,9,1,0.945808366,24-11-25,1,0,0,0,0,0,1,0,0,1
38,Female,1,1,82320,0,4,Yes,8,1,0.999995911,27-05-25,0,0,0,1,0,0,0,1,0,1
59,Male,0,3,88026,4,1,Yes,15,1,0.999973888,08-07-25,0,0,0,1,0,0,1,0,0,1
52,Female,1,3,71919,17,4,Yes,22,1,0.999932531,15-12-25,0,0,1,0,0,1,0,0,0,1
43,Female,1,3,56674,9,2,Yes,21,1,0.999999864,23-07-25,1,0,0,0,0,1,0,0,0,1
23,Male,0,1,72887,2,4,No,25,1,0.165299827,10-08-25,0,0,0,1,0,0,0,0,1,0
56,Male,0,3,30503,16,4,Yes,7,1,0.988273767,30-01-25,1,0,0,0,0,0,0,0,1,1
28,Male,0,3,86624,3,1,No,5,1,0.95953998,01-01-25,1,0,0,0,0,0,1,0,0,1
36,Male,0,1,106156,7,4,Yes,5,1,0.940473202,07-07-25,1,0,0,0,0,0,0,1,0,1
30,Male,0,3,40131,2,2,No,8,1,0.97796771,23-01-25,1,0,0,0,0,0,0,1,0,1
30,Female,1,2,74189,13,4,No,4,1,0.939940609,24-12-25,1,0,0,0,0,0,0,0,1,1
32,Male,0,3,44322,13,4,No,13,1,0.040122091,22-06-25,0,1,0,0,0,0,0,0,1,0
53,Female,1,2,87628,18,3,Yes,6,1,0.999974171,16-01-25,0,0,0,0,1,1,0,0,0,1
23,Female,1,4,91312,1,2,No,28,1,0.999831489,24-05-25,0,0,1,0,0,0,1,0,0,1
59,Female,1,4,66092,14,3,No,28,1,0.997345662,17-10-25,0,0,1,0,0,0,0,1,0,1
24,Male,0,4,37622,13,4,No,23,1,0.113987858,27-01-25,0,0,0,1,0,0,1,0,0,0
50,Male,0,3,48454,0,1,Yes,9,1,0.999998212,07-06-25,0,0,0,1,0,0,0,1,0,1
34,Male,0,1,81202,16,3,No,23,0,0.061839409,01-02-25,0,0,0,0,1,0,1,0,0,0
31,Female,1,2,109571,7,2,No,20,1,0.999006176,28-05-25,0,0,1,0,0,0,0,1,0,1
53,Male,0,2,100909,17,4,No,14,0,0.003813693,22-02-25,1,0,0,0,0,0,0,1,0,0
45,Female,1,3,66101,3,1,No,27,1,0.9999916,21-09-25,0,0,0,0,1,0,1,0,0,1
39,Female,1,4,113814,13,2,Yes,18,1,0.999996304,05-09-25,1,0,0,0,0,1,0,0,0,1
55,Female,1,3,66154,8,4,Yes,17,1,0.999992401,20-03-25,1,0,0,0,0,0,0,1,0,1
52,Male,0,1,109081,17,4,No,22,0,0.002740433,21-10-25,0,0,0,1,0,1,0,0,0,0
38,Female,1,3,82551,17,4,No,9,1,0.886983346,21-11-25,0,0,0,1,0,0,0,0,1,1
50,Female,1,4,39008,10,3,No,9,1,0.999347533,11-06-25,0,0,0,0,1,0,0,0,1,1
25,Male,0,4,36209,14,3,Yes,13,1,0.99850891,24-03-25,0,0,1,0,0,1,0,0,0,1
27,Female,1,4,68695,11,3,No,5,1,0.995798167,05-07-25,0,0,1,0,0,0,0,0,1,1
44,Female,1,2,82368,9,3,No,23,1,0.996673081,01-08-25,0,0,0,0,1,1,0,0,0,1
42,Female,1,3,35372,4,1,Yes,24,1,0.999999997,30-12-25,0,0,1,0,0,1,0,0,0,1
32,Female,1,1,113635,14,1,No,9,1,0.99850038,21-01-25,0,1,0,0,0,0,0,0,1,1
41,Female,1,3,25842,11,1,Yes,10,1,0.999999994,11-04-25,1,0,0,0,0,0,0,1,0,1
49,Female,1,4,107592,2,3,No,16,1,0.996814841,26-05-25,0,0,1,0,0,1,0,0,0,1
35,Female,1,3,25355,8,4,Yes,7,1,0.999997981,13-01-25,0,0,0,0,1,0,0,0,1,1
39,Female,1,1,44972,3,3,Yes,2,1,0.999999706,16-01-25,0,0,0,0,1,0,0,0,1,1
30,Male,0,1,72389,10,2,No,24,1,0.676744841,10-04-25,0,0,1,0,0,1,0,0,0,1
44,Female,1,1,103692,1,1,Yes,24,1,0.99999997,21-09-25,0,0,0,0,1,1,0,0,0,1
28,Male,0,4,67377,2,4,Yes,6,1,0.994758851,29-05-25,1,0,0,0,0,1,0,0,0,1
49,Male,0,4,82261,0,4,Yes,21,1,0.995863565,09-09-25,0,0,0,0,1,0,0,0,1,1
56,Male,0,1,93016,16,2,No,22,1,0.265256265,18-05-25,0,0,0,0,1,1,0,0,0,0
31,Female,1,2,48172,4,2,No,24,1,0.999964631,15-09-25,0,0,0,1,0,1,0,0,0,1
43,Male,0,1,59779,13,2,Yes,3,1,0.999431072,21-04-25,0,0,1,0,0,0,0,0,1,1
59,Male,0,1,56021,19,4,No,29,0,0.016674163,20-06-25,0,0,1,0,0,0,1,0,0,0
46,Female,1,4,21401,5,1,Yes,20,1,0.999999998,29-04-25,0,1,0,0,0,0,0,1,0,1
49,Female,1,4,31950,16,4,Yes,28,1,0.999993789,05-07-25,0,0,0,1,0,0,0,0,1,1
33,Male,0,3,52245,9,3,Yes,15,1,0.998072862,10-08-25,0,1,0,0,0,0,1,0,0,1
55,Female,1,1,101029,6,4,No,21,1,0.941645461,02-06-25,0,1,0,0,0,1,0,0,0,1
54,Male,0,3,89561,6,4,No,25,0,0.065839143,06-05-25,0,0,0,0,1,0,0,1,0,0
33,Male,0,4,53487,10,1,Yes,4,1,0.999972182,15-05-25,1,0,0,0,0,1,0,0,0,1
57,Male,0,3,73554,8,4,No,11,0,0.047979731,21-09-25,0,0,1,0,0,1,0,0,0,0
54,Male,0,3,67832,7,1,Yes,22,1,0.999988123,28-02-25,0,0,0,1,0,0,0,1,0,1
25,Female,1,4,110306,8,1,No,2,1,0.99979854,14-08-25,1,0,0,0,0,0,0,1,0,1
49,Female,1,1,53870,11,2,No,4,1,0.999713623,31-03-25,1,0,0,0,0,1,0,0,0,1
30,Male,0,3,31908,19,2,Yes,11,1,0.999649812,23-05-25,0,0,0,1,0,0,1,0,0,1
53,Female,1,4,69429,8,1,Yes,27,1,0.999999978,31-03-25,1,0,0,0,0,0,1,0,0,1
28,Male,0,2,97240,9,3,Yes,13,1,0.992237887,05-12-25,0,0,0,1,0,0,1,0,0,1
32,Male,0,1,75751,7,4,Yes,15,1,0.986186206,17-12-25,1,0,0,0,0,0,0,1,0,1
49,Male,0,3,94218,0,1,Yes,15,1,0.999979749,21-02-25,1,0,0,0,0,0,0,0,1,1
59,Female,1,4,43989,14,3,No,9,1,0.997984191,23-06-25,0,0,1,0,0,0,1,0,0,1
47,Male,0,1,36241,4,4,Yes,20,1,0.998614155,27-12-25,0,0,0,0,1,1,0,0,0,1
32,Male,0,4,96721,5,3,Yes,2,1,0.995855186,15-01-25,0,0,0,0,1,1,0,0,0,1
53,Male,0,1,41625,13,1,Yes,6,1,0.999975783,21-10-25,0,0,0,1,0,0,1,0,0,1
43,Male,0,2,59121,13,2,No,14,1,0.672227069,11-08-25,0,0,1,0,0,1,0,0,0,1
51,Male,0,3,57853,5,1,No,8,1,0.986216853,23-08-25,1,0,0,0,0,0,1,0,0,1
54,Male,0,1,113935,10,1,Yes,18,1,0.999759444,11-01-25,1,0,0,0,0,0,0,1,0,1
52,Female,1,4,48328,15,4,Yes,3,1,0.999981148,09-09-25,0,0,0,0,1,0,0,0,1,1
47,Male,0,2,109080,11,3,No,5,0,0.022914502,30-03-25,0,1,0,0,0,1,0,0,0,0
39,Male,0,3,58870,5,2,No,18,1,0.859000913,03-06-25,0,1,0,0,0,0,1,0,0,1
27,Male,0,4,86155,18,1,Yes,27,1,0.999605452,05-05-25,0,0,1,0,0,0,1,0,0,1
55,Male,0,1,114826,10,1,Yes,16,1,0.999645705,04-09-25,0,0,1,0,0,0,0,0,1,1
29,Male,0,1,38793,7,2,No,4,1,0.904640679,04-04-25,0,1,0,0,0,0,0,1,0,1
22,Female,1,3,41542,16,3,No,20,1,0.997693417,29-03-25,0,0,0,0,1,1,0,0,0,1
43,Female,1,1,47691,8,1,No,10,1,0.999988009,05-02-25,0,0,0,1,0,1,0,0,0,1
58,Female,1,4,89119,9,3,No,11,1,0.994731239,04-08-25,0,0,1,0,0,0,0,0,1,1
23,Male,0,3,63463,15,3,No,22,0,0.176430759,11-04-25,0,0,0,1,0,1,0,0,0,0
48,Female,1,1,105867,12,1,No,10,1,0.999696381,16-08-25,1,0,0,0,0,0,0,1,0,1
30,Male,0,2,60695,1,3,No,1,1,0.690581236,09-06-25,0,0,1,0,0,0,0,1,0,1
46,Male,0,1,73574,16,3,Yes,20,1,0.992393688,27-04-25,0,0,1,0,0,0,0,1,0,1
51,Male,0,3,23696,6,3,No,26,1,0.91928257,25-07-25,0,0,0,1,0,0,0,1,0,1
38,Male,0,2,65740,19,1,No,20,1,0.806863702,30-06-25,0,0,1,0,0,1,0,0,0,1
48,Male,0,2,83811,0,2,No,1,1,0.863227464,27-02-25,0,0,1,0,0,0,0,0,1,1
47,Male,0,1,50099,19,3,No,10,0,0.110705867,11-11-25,1,0,0,0,0,0,0,0,1,0
32,Female,1,1,106120,4,2,No,1,1,0.999171652,05-10-25,0,0,0,0,1,0,0,0,1,1
55,Male,0,4,54540,8,1,No,4,1,0.980920912,16-07-25,1,0,0,0,0,0,0,0,1,1
32,Male,0,4,66002,2,4,Yes,26,1,0.997037128,19-04-25,0,0,0,0,1,0,0,0,1,1
28,Male,0,3,62998,6,2,Yes,8,1,0.999825853,13-05-25,0,0,1,0,0,0,1,0,0,1
42,Male,0,2,22179,9,4,Yes,15,1,0.99726436,30-08-25,0,1,0,0,0,0,0,1,0,1
50,Female,1,4,59464,15,3,No,16,1,0.995713811,13-04-25,1,0,0,0,0,0,1,0,0,1
49,Female,1,2,113688,3,2,No,15,1,0.999444088,14-07-25,0,0,1,0,0,0,0,1,0,1
45,Male,0,3,65095,3,2,No,29,1,0.956370312,24-01-25,0,0,0,0,1,0,0,1,0,1
45,Female,1,2,104995,2,2,Yes,25,1,0.999999662,30-06-25,0,0,1,0,0,0,1,0,0,1
44,Female,1,1,36964,8,1,No,29,1,0.999996094,06-09-25,0,0,0,1,0,0,0,1,0,1
27,Male,0,1,81240,9,4,No,7,0,0.018959314,13-04-25,0,0,1,0,0,0,1,0,0,0
59,Female,1,1,97116,19,3,No,19,1,0.964446457,08-12-25,0,0,1,0,0,0,0,1,0,1
25,Male,0,4,105029,18,3,Yes,4,1,0.94443245,27-08-25,0,0,1,0,0,0,0,1,0,1
26,Female,1,1,113526,17,2,Yes,5,1,0.99998621,25-01-25,0,0,1,0,0,0,1,0,0,1
48,Female,1,3,36589,15,3,No,15,1,0.998058344,16-08-25,0,1,0,0,0,0,0,1,0,1
37,Male,0,4,25141,7,1,No,16,1,0.997312114,28-02-25,0,0,0,0,1,0,0,1,0,1
52,Male,0,2,23273,1,3,No,9,1,0.922285682,19-05-25,0,0,1,0,0,0,0,0,1,1
53,Male,0,2,47128,16,4,Yes,16,1,0.986562238,21-04-25,0,0,0,1,0,0,0,1,0,1
46,Male,0,3,31156,4,2,No,17,1,0.982712621,17-11-25,0,0,0,1,0,0,0,0,1,1
46,Female,1,3,97603,16,1,No,24,1,0.999572523,13-07-25,0,0,1,0,0,0,0,0,1,1
36,Female,1,4,87450,5,1,No,15,1,0.99996353,16-06-25,0,0,0,0,1,0,0,0,1,1
38,Female,1,2,33050,8,1,Yes,9,1,0.999999989,21-05-25,0,1,0,0,0,1,0,0,0,1
27,Male,0,2,86899,19,1,Yes,3,1,0.999235198,03-12-25,1,0,0,0,0,1,0,0,0,1
33,Male,0,4,20174,12,3,Yes,1,1,0.999541724,03-12-25,0,0,0,1,0,1,0,0,0,1
24,Male,0,2,64814,3,4,Yes,4,1,0.994073926,05-12-25,0,0,0,0,1,0,0,0,1,1
56,Female,1,4,24173,0,2,No,2,1,0.99998642,08-07-25,0,1,0,0,0,0,0,0,1,1
25,Male,0,4,47962,18,2,Yes,25,1,0.999456842,17-06-25,0,0,1,0,0,0,0,0,1,1
40,Female,1,1,38624,4,3,No,16,1,0.999769726,13-01-25,0,0,0,0,1,0,0,0,1,1
56,Male,0,3,55531,15,3,No,11,0,0.234097826,30-03-25,0,0,0,1,0,1,0,0,0,0
41,Male,0,3,36835,11,3,Yes,2,1,0.999164907,22-01-25,0,0,0,1,0,0,1,0,0,1
58,Male,0,4,63526,13,4,No,23,0,0.051967858,24-04-25,0,0,1,0,0,0,0,1,0,0
37,Male,0,3,106610,18,2,No,20,1,0.14706867,24-11-25,0,0,0,0,1,0,0,1,0,0
54,Female,1,1,107051,10,1,Yes,27,1,0.999999836,20-05-25,0,0,0,0,1,0,0,0,1,1
38,Male,0,2,39552,4,1,Yes,28,1,0.999997123,30-11-25,0,0,0,1,0,0,1,0,0,1
26,Female,1,2,20887,0,2,Yes,18,1,0.999999994,19-01-25,0,0,0,0,1,0,0,0,1,1
43,Male,0,1,46049,14,3,No,4,1,0.289991474,16-10-25,0,0,0,1,0,1,0,0,0,0
34,Male,0,4,23765,6,3,No,23,1,0.86320813,14-01-25,0,0,0,0,1,0,1,0,0,1
44,Male,0,3,110239,19,1,Yes,24,1,0.998481512,04-12-25,0,1,0,0,0,0,0,1,0,1
31,Female,1,1,114776,7,2,Yes,29,1,0.999998923,21-07-25,0,0,0,1,0,0,1,0,0,1
38,Male,0,2,36901,4,4,No,9,1,0.335492041,23-03-25,0,0,0,0,1,1,0,0,0,0
47,Female,1,4,34256,16,4,No,7,1,0.983885897,23-09-25,0,0,1,0,0,0,1,0,0,1
55,Male,0,1,99650,15,2,Yes,28,1,0.995559522,07-10-25,0,1,0,0,0,1,0,0,0,1
31,Male,0,2,24117,10,3,Yes,7,1,0.999626047,07-08-25,0,0,0,1,0,0,0,0,1,1
50,Male,0,3,50949,19,3,No,9,0,0.109776398,28-05-25,1,0,0,0,0,0,1,0,0,0
40,Male,0,4,46990,1,2,Yes,21,1,0.99997897,17-10-25,1,0,0,0,0,1,0,0,0,1
43,Male,0,3,54510,9,1,Yes,1,1,0.999980128,18-12-25,0,0,0,1,0,0,0,0,1,1
27,Female,1,1,56963,1,1,Yes,4,1,0.999999988,06-03-25,0,1,0,0,0,0,1,0,0,1
40,Male,0,2,99832,9,1,No,15,1,0.877286919,11-11-25,0,0,0,1,0,1,0,0,0,1
43,Female,1,3,119575,3,2,No,25,1,0.998770394,11-10-25,0,1,0,0,0,1,0,0,0,1
22,Male,0,1,62051,6,1,No,9,1,0.973084343,13-06-25,0,0,1,0,0,0,1,0,0,1
40,Female,1,1,97219,8,1,No,14,1,0.999868051,16-04-25,0,0,1,0,0,0,0,0,1,1
53,Male,0,4,50981,15,2,No,17,1,0.712700197,26-11-25,1,0,0,0,0,0,1,0,0,1
48,Female,1,2,98513,2,4,No,27,1,0.977422991,07-12-25,0,1,0,0,0,0,0,0,1,1
46,Female,1,4,114574,14,4,No,29,1,0.706487515,14-03-25,0,1,0,0,0,0,1,0,0,1
48,Female,1,2,88498,16,3,No,25,1,0.985980472,10-02-25,0,0,0,1,0,0,1,0,0,1
41,Female,1,1,113863,6,1,Yes,21,1,0.999999847,31-05-25,1,0,0,0,0,0,1,0,0,1
53,Male,0,4,74318,0,1,No,14,1,0.993290571,10-03-25,1,0,0,0,0,0,0,1,0,1
55,Female,1,4,30442,17,3,No,26,1,0.998978193,10-06-25,0,0,0,1,0,0,0,0,1,1
32,Male,0,4,32625,15,3,No,10,1,0.413041558,04-12-25,0,0,0,1,0,0,1,0,0,0
59,Female,1,3,89906,3,3,No,13,1,0.998949291,23-06-25,0,0,0,1,0,0,0,1,0,1
24,Female,1,2,20869,0,3,No,24,1,0.999951293,01-04-25,0,0,0,0,1,0,1,0,0,1
29,Male,0,3,110605,9,1,Yes,9,1,0.999705252,17-04-25,0,0,1,0,0,0,0,0,1,1
46,Female,1,3,105947,0,2,No,5,1,0.999772497,17-05-25,0,0,0,0,1,0,0,1,0,1
39,Male,0,4,105178,1,1,No,26,1,0.971222235,29-12-25,0,0,0,1,0,1,0,0,0,1
59,Male,0,2,69831,3,2,No,28,1,0.882472283,17-04-25,0,1,0,0,0,1,0,0,0,1
58,Female,1,3,67195,17,2,Yes,22,1,0.99999923,19-05-25,0,0,0,0,1,1,0,0,0,1
34,Female,1,4,117493,6,1,Yes,11,1,0.999999858,06-11-25,0,0,0,1,0,0,0,0,1,1
45,Male,0,4,51707,14,1,No,23,1,0.963253105,03-01-25,0,0,0,0,1,0,1,0,0,1
35,Male,0,2,115985,0,2,Yes,6,1,0.999522507,07-12-25,0,0,0,1,0,0,1,0,0,1
50,Female,1,1,55529,17,3,Yes,3,1,0.99999512,19-04-25,1,0,0,0,0,0,0,1,0,1
41,Female,1,3,102722,3,1,No,1,1,0.999918204,15-07-25,0,0,1,0,0,0,1,0,0,1
33,Female,1,4,55098,9,3,Yes,25,1,0.999999283,04-10-25,0,0,0,1,0,0,0,0,1,1
45,Male,0,1,115980,13,4,No,23,0,0.003875468,18-12-25,0,0,0,1,0,0,1,0,0,0
26,Male,0,4,82061,9,1,Yes,10,1,0.999921041,10-11-25,0,0,1,0,0,0,0,0,1,1
37,Female,1,1,43408,8,2,No,19,1,0.999924018,19-04-25,0,0,0,0,1,1,0,0,0,1
56,Female,1,3,86197,8,2,Yes,5,1,0.99999965,28-03-25,0,0,0,0,1,0,0,1,0,1
38,Male,0,4,110063,2,2,Yes,25,1,0.999598359,02-08-25,0,0,1,0,0,0,0,0,1,1
30,Male,0,1,113422,4,3,Yes,13,1,0.991791261,09-06-25,1,0,0,0,0,0,1,0,0,1
44,Female,1,1,25520,7,1,No,2,1,0.99999542,14-05-25,0,0,0,1,0,0,1,0,0,1
39,Female,1,2,90293,0,2,Yes,17,1,0.999999911,06-05-25,0,0,0,0,1,0,0,1,0,1
53,Female,1,2,61458,13,2,Yes,10,1,0.999999614,25-04-25,0,0,0,0,1,1,0,0,0,1
57,Female,1,2,66313,10,2,Yes,7,1,0.999999456,04-09-25,0,1,0,0,0,0,1,0,0,1
40,Male,0,2,64942,7,3,Yes,29,1,0.99892333,17-05-25,0,0,1,0,0,0,0,0,1,1
54,Female,1,2,56320,18,3,Yes,10,1,0.999994753,24-06-25,0,0,0,1,0,1,0,0,0,1
22,Female,1,1,111057,1,3,Yes,13,1,0.999997693,03-09-25,0,0,0,1,0,0,0,1,0,1
22,Male,0,2,89724,15,3,No,13,0,0.059057958,17-02-25,0,0,0,0,1,0,0,1,0,0
50,Male,0,3,104607,16,3,No,13,0,0.025079045,21-11-25,0,0,0,0,1,0,0,0,1,0
47,Male,0,1,35810,6,2,No,17,1,0.961807224,13-04-25,0,0,0,0,1,1,0,0,0,1
22,Male,0,1,56413,16,3,Yes,25,1,0.992252107,08-09-25,0,1,0,0,0,0,0,0,1,1
24,Female,1,3,56468,10,4,No,26,1,0.9885875,24-05-25,0,0,1,0,0,1,0,0,0,1
46,Female,1,2,62056,0,1,No,25,1,0.999995631,27-03-25,0,0,0,0,1,0,1,0,0,1
37,Male,0,1,96274,11,3,Yes,22,1,0.989006831,21-08-25,0,0,1,0,0,0,0,0,1,1
28,Female,1,2,31676,18,3,Yes,2,1,0.999997309,28-09-25,0,0,0,0,1,0,0,0,1,1
24,Male,0,3,89300,13,2,No,25,1,0.518737462,20-08-25,0,0,0,1,0,0,0,1,0,1
39,Male,0,3,71759,1,4,Yes,8,1,0.996605108,22-01-25,0,0,0,0,1,0,0,1,0,1
27,Male,0,4,112910,7,4,No,15,0,0.011385358,08-08-25,0,0,0,0,1,1,0,0,0,0
39,Female,1,2,26476,12,2,Yes,15,1,0.999999941,20-01-25,0,0,0,1,0,0,0,0,1,1
50,Female,1,3,111881,2,3,No,3,1,0.996086016,01-07-25,0,0,0,1,0,1,0,0,0,1
35,Male,0,4,65095,3,3,No,28,0,0.677694197,27-11-25,0,0,0,0,1,0,0,0,1,1
52,Female,1,3,28026,10,2,Yes,17,1,0.999999972,14-12-25,0,0,0,1,0,0,0,1,0,1
52,Female,1,4,37889,14,4,No,25,1,0.993454767,16-05-25,0,0,0,1,0,1,0,0,0,1
30,Female,1,2,54660,15,1,Yes,7,1,0.999999925,10-11-25,0,0,1,0,0,0,0,0,1,1
38,Female,1,3,83972,18,4,No,12,1,0.757316311,29-01-25,0,1,0,0,0,1,0,0,0,1
28,Female,1,4,55710,5,1,Yes,26,1,0.999999995,03-08-25,0,0,0,1,0,0,0,1,0,1
52,Male,0,3,101471,3,2,Yes,5,1,0.999696432,02-09-25,0,0,0,0,1,0,0,1,0,1
43,Female,1,2,76233,11,2,Yes,29,1,0.999999547,26-09-25,1,0,0,0,0,0,1,0,0,1
32,Female,1,2,71727,7,4,No,27,1,0.985233834,09-11-25,0,1,0,0,0,0,0,1,0,1
23,Female,1,2,96509,11,2,Yes,12,1,0.999998015,26-07-25,0,1,0,0,0,0,0,1,0,1
37,Female,1,1,72953,1,2,No,12,1,0.999923943,12-12-25,0,0,0,1,0,0,0,0,1,1
44,Female,1,2,27485,16,4,No,6,1,0.990656481,27-08-25,1,0,0,0,0,0,0,1,0,1
24,Male,0,2,32226,0,2,No,13,1,0.977126603,05-06-25,0,1,0,0,0,0,0,0,1,1
42,Male,0,2,85133,12,3,Yes,4,1,0.99206065,05-10-25,0,0,0,1,0,0,0,0,1,1
31,Male,0,3,119534,3,4,No,23,0,0.02987795,22-11-25,0,0,0,1,0,0,0,1,0,0
45,Female,1,4,69145,4,4,No,12,1,0.993846454,10-06-25,0,0,0,0,1,1,0,0,0,1
49,Female,1,4,110880,4,3,Yes,22,1,0.999993425,11-03-25,0,1,0,0,0,0,0,0,1,1
42,Female,1,4,101570,14,1,No,28,1,0.999682364,30-04-25,0,0,1,0,0,0,0,0,1,1
27,Male,0,1,22103,13,3,Yes,24,1,0.999024433,20-08-25,0,1,0,0,0,1,0,0,0,1
50,Male,0,3,32391,12,2,Yes,18,1,0.999914463,15-09-25,0,0,0,0,1,0,1,0,0,1
29,Female,1,3,70357,5,4,No,27,1,0.99213561,03-10-25,0,0,1,0,0,0,0,0,1,1
33,Female,1,3,53724,9,3,Yes,13,1,0.999998821,13-12-25,0,0,1,0,0,1,0,0,0,1
56,Male,0,3,48302,15,1,No,13,1,0.963207173,18-10-25,0,0,0,1,0,0,0,0,1,1
32,Male,0,3,90130,10,2,Yes,28,1,0.999098911,31-10-25,0,1,0,0,0,0,0,1,0,1
56,Female,1,2,52933,13,4,No,18,1,0.983954725,22-12-25,1,0,0,0,0,0,0,0,1,1
53,Male,0,3,116462,10,2,Yes,3,1,0.995978967,03-01-25,0,1,0,0,0,0,0,1,0,1
37,Male,0,1,118132,9,3,Yes,25,1,0.984501776,09-03-25,0,0,0,1,0,0,1,0,0,1
50,Male,0,3,28210,10,2,No,10,1,0.935132078,02-03-25,0,0,1,0,0,1,0,0,0,1
46,Female,1,4,104178,10,2,No,2,1,0.998305347,02-07-25,0,0,0,1,0,0,1,0,0,1
49,Male,0,1,88798,4,3,Yes,21,1,0.997951633,25-09-25,0,0,1,0,0,0,0,0,1,1
25,Male,0,2,25232,9,4,Yes,6,1,0.996998547,14-01-25,0,0,0,0,1,0,0,0,1,1
32,Female,1,4,114090,17,3,No,23,1,0.92654053,01-07-25,0,1,0,0,0,0,0,1,0,1
39,Female,1,4,67574,10,1,No,12,1,0.999953527,13-05-25,0,0,1,0,0,1,0,0,0,1
44,Female,1,1,20570,8,2,No,10,1,0.999964358,05-12-25,0,0,1,0,0,0,0,0,1,1
22,Female,1,4,92518,3,1,No,15,1,0.999957071,14-04-25,0,0,1,0,0,0,1,0,0,1
33,Female,1,2,29941,17,3,No,17,1,0.998028194,03-04-25,0,0,1,0,0,0,0,0,1,1
35,Male,0,2,64435,17,4,No,1,0,0.009758982,28-02-25,0,0,1,0,0,0,0,0,1,0
36,Male,0,4,54087,19,2,Yes,6,1,0.999339916,11-05-25,0,0,0,1,0,0,0,1,0,1
49,Female,1,4,77433,12,1,Yes,2,1,0.999999825,20-10-25,0,1,0,0,0,0,1,0,0,1
59,Male,0,2,73027,10,4,No,12,0,0.039180236,26-10-25,0,0,0,0,1,0,0,0,1,0
43,Female,1,4,43559,7,2,Yes,17,1,0.999999947,08-05-25,1,0,0,0,0,1,0,0,0,1
41,Female,1,4,59350,15,2,No,11,1,0.999453343,07-01-25,0,0,0,0,1,1,0,0,0,1
37,Female,1,1,111066,14,4,No,16,1,0.785119876,04-06-25,0,0,0,1,0,0,1,0,0,1
44,Male,0,4,23327,8,3,Yes,19,1,0.999765888,31-07-25,0,0,1,0,0,0,1,0,0,1
58,Female,1,2,102384,14,3,No,23,1,0.97826133,09-11-25,1,0,0,0,0,0,1,0,0,1
29,Male,0,3,47230,13,4,No,28,1,0.073779628,19-08-25,0,0,0,0,1,0,1,0,0,0
33,Female,1,1,55903,9,2,No,29,1,0.99986437,11-01-25,0,0,0,0,1,1,0,0,0,1
55,Female,1,2,103014,11,2,No,2,1,0.997447104,08-09-25,1,0,0,0,0,0,1,0,0,1
41,Female,1,2,52101,9,4,No,20,1,0.995238233,28-09-25,0,0,0,1,0,0,0,1,0,1
58,Male,0,4,77124,7,4,Yes,8,1,0.983186448,24-08-25,0,0,1,0,0,1,0,0,0,1
44,Male,0,4,110221,7,1,No,24,1,0.876413938,01-03-25,1,0,0,0,0,0,0,0,1,1
31,Female,1,3,35408,3,1,No,13,1,0.999997139,05-02-25,0,0,0,0,1,1,0,0,0,1
58,Female,1,2,31349,3,3,No,18,1,0.999795731,15-06-25,0,1,0,0,0,0,0,0,1,1
45,Male,0,3,35735,1,3,No,23,1,0.892109024,11-01-25,0,0,1,0,0,0,1,0,0,1
49,Male,0,2,30335,4,4,Yes,6,1,0.998468261,23-09-25,1,0,0,0,0,0,1,0,0,1
45,Female,1,3,105103,16,1,Yes,23,1,0.999999552,11-08-25,0,0,0,1,0,0,1,0,0,1
52,Female,1,2,50134,9,1,Yes,24,1,0.999999993,14-08-25,0,0,0,1,0,0,0,1,0,1
30,Female,1,2,90744,15,2,Yes,19,1,0.999997862,16-04-25,0,0,0,0,1,0,1,0,0,1
36,Female,1,3,78870,6,1,Yes,17,1,0.999999968,01-02-25,0,0,1,0,0,1,0,0,0,1
30,Male,0,4,51379,17,1,No,16,1,0.932415017,20-07-25,0,0,0,1,0,0,1,0,0,1
33,Male,0,4,37618,6,1,No,3,1,0.991722243,17-02-25,0,0,1,0,0,0,1,0,0,1
39,Female,1,4,91094,6,4,Yes,27,1,0.999979535,11-12-25,0,0,1,0,0,0,1,0,0,1
53,Male,0,2,55303,12,1,Yes,17,1,0.999966787,17-08-25,1,0,0,0,0,0,0,0,1,1
27,Female,1,3,33900,13,3,No,22,1,0.998431115,12-05-25,0,1,0,0,0,0,0,0,1,1
29,Male,0,1,87231,5,3,No,6,0,0.237944054,30-04-25,0,0,0,1,0,0,1,0,0,0
49,Female,1,1,95485,2,4,Yes,3,1,0.999983763,25-08-25,0,0,0,0,1,0,0,0,1,1
55,Male,0,4,28597,5,4,No,23,1,0.526981261,13-03-25,0,0,0,1,0,0,0,0,1,1
27,Female,1,2,111679,2,2,No,3,1,0.999174372,13-09-25,1,0,0,0,0,0,1,0,0,1
33,Female,1,1,29018,4,2,Yes,20,1,0.999999969,11-12-25,0,1,0,0,0,1,0,0,0,1
52,Female,1,2,96537,19,3,Yes,22,1,0.9999659,13-01-25,0,0,0,0,1,0,0,0,1,1
41,Male,0,4,112876,16,2,Yes,4,1,0.991546823,30-09-25,1,0,0,0,0,0,0,0,1,1
45,Male,0,2,91386,12,3,Yes,14,1,0.993503793,24-11-25,0,0,0,1,0,0,0,1,0,1
29,Male,0,3,97273,14,3,Yes,13,1,0.980499564,17-08-25,0,0,0,0,1,1,0,0,0,1
49,Female,1,1,38108,15,3,Yes,2,1,0.999996309,03-09-25,0,1,0,0,0,0,1,0,0,1
39,Male,0,3,94640,6,1,Yes,18,1,0.999921558,09-08-25,0,1,0,0,0,0,0,1,0,1
51,Male,0,2,115402,15,3,No,17,0,0.019125496,26-04-25,0,0,0,0,1,1,0,0,0,0
36,Male,0,1,51923,9,4,No,21,0,0.093973716,29-06-25,0,0,1,0,0,1,0,0,0,0
51,Female,1,1,87384,19,1,Yes,22,1,0.999999642,01-01-25,0,0,1,0,0,0,0,1,0,1
56,Male,0,3,33409,15,1,Yes,15,1,0.999985448,20-05-25,0,0,0,0,1,0,0,1,0,1
54,Male,0,1,109037,7,4,No,27,0,0.018064359,09-07-25,0,0,0,1,0,0,1,0,0,0
33,Female,1,1,116362,7,2,Yes,19,1,0.999998312,19-05-25,0,0,1,0,0,1,0,0,0,1
52,Female,1,1,95476,7,3,Yes,24,1,0.999996062,08-12-25,1,0,0,0,0,0,0,0,1,1
59,Male,0,1,45068,18,2,No,8,1,0.581054087,21-08-25,1,0,0,0,0,0,1,0,0,1
56,Male,0,3,112298,16,1,No,19,1,0.531177346,04-03-25,1,0,0,0,0,0,0,0,1,1
40,Male,0,3,30234,16,2,Yes,19,1,0.999691399,03-07-25,0,1,0,0,0,0,1,0,0,1
59,Female,1,4,95301,4,3,Yes,20,1,0.9999982,09-03-25,0,0,0,0,1,1,0,0,0,1
43,Female,1,2,97475,12,4,Yes,26,1,0.999918899,15-10-25,1,0,0,0,0,0,0,0,1,1
38,Male,0,1,119555,13,3,No,26,0,0.026810406,09-09-25,0,0,0,1,0,1,0,0,0,0
56,Female,1,2,109959,0,2,Yes,18,1,0.999999834,31-10-25,0,0,0,1,0,0,0,1,0,1
54,Male,0,3,75755,7,4,No,16,0,0.072075836,17-05-25,0,0,0,1,0,1,0,0,0,0
37,Male,0,4,23358,13,1,No,25,1,0.992624276,17-10-25,0,0,1,0,0,0,0,1,0,1
24,Male,0,2,113079,9,1,Yes,26,1,0.999848734,26-12-25,0,0,0,1,0,0,0,1,0,1
31,Male,0,3,28002,4,3,No,26,1,0.877784373,10-10-25,1,0,0,0,0,1,0,0,0,1
37,Female,1,1,69422,2,4,Yes,9,1,0.99999453,30-06-25,1,0,0,0,0,0,0,0,1,1
47,Male,0,3,26305,17,4,No,12,1,0.068498216,12-05-25,0,0,1,0,0,1,0,0,0,0
44,Male,0,4,87766,15,1,Yes,22,1,0.999626289,30-03-25,0,1,0,0,0,0,1,0,0,1
23,Female,1,2,40354,19,1,Yes,20,1,0.999999936,02-08-25,0,0,0,0,1,0,1,0,0,1
42,Female,1,2,54812,0,4,Yes,6,1,0.999997974,10-09-25,0,0,1,0,0,1,0,0,0,1
36,Male,0,2,85785,13,4,No,15,0,0.011111178,29-10-25,0,0,0,0,1,0,1,0,0,0
46,Male,0,1,94711,4,2,Yes,17,1,0.99963513,29-12-25,1,0,0,0,0,0,0,0,1,1
44,Male,0,4,45105,2,2,Yes,8,1,0.999974248,31-05-25,0,0,0,0,1,0,0,0,1,1
24,Male,0,4,76561,9,1,No,20,1,0.956697772,19-07-25,0,0,0,1,0,1,0,0,0,1
32,Female,1,1,106207,4,2,Yes,13,1,0.999999471,30-06-25,0,0,0,1,0,1,0,0,0,1
58,Male,0,4,40922,12,2,Yes,29,1,0.999901622,16-07-25,0,0,1,0,0,0,0,0,1,1
30,Female,1,3,115745,0,4,Yes,28,1,0.999979707,03-11-25,0,0,1,0,0,0,0,0,1,1
51,Female,1,3,38395,11,4,No,7,1,0.992079356,31-03-25,0,0,1,0,0,0,1,0,0,1
34,Male,0,3,116199,8,3,Yes,26,1,0.986597299,03-07-25,1,0,0,0,0,0,1,0,0,1
55,Female,1,3,59454,19,1,Yes,12,1,0.999999854,05-10-25,0,0,1,0,0,1,0,0,0,1
58,Male,0,3,38816,0,1,No,10,1,0.99839709,01-07-25,0,0,1,0,0,0,0,1,0,1
42,Female,1,3,94960,5,3,Yes,13,1,0.999996484,27-07-25,0,0,1,0,0,0,1,0,0,1
29,Female,1,2,105678,16,1,Yes,22,1,0.999999455,31-03-25,0,0,0,1,0,0,1,0,0,1
34,Male,0,1,98672,15,2,No,13,1,0.114594617,19-09-25,0,1,0,0,0,0,1,0,0,0
56,Female,1,2,62222,7,1,No,15,1,0.999988662,06-11-25,0,0,0,1,0,0,0,1,0,1
48,Female,1,1,95504,2,4,No,6,1,0.98288981,16-07-25,0,0,0,0,1,0,0,0,1,1
43,Male,0,2,85942,1,2,No,15,1,0.872456145,05-01-25,0,0,0,0,1,1,0,0,0,1
47,Female,1,4,90021,5,3,Yes,18,1,0.999997633,26-05-25,0,0,1,0,0,0,1,0,0,1
25,Male,0,1,25368,13,2,No,13,1,0.877203219,13-02-25,0,0,1,0,0,0,1,0,0,1
36,Male,0,3,73822,10,3,No,12,0,0.236053538,03-12-25,0,0,0,1,0,1,0,0,0,0
56,Female,1,3,38323,3,3,No,26,1,0.999850542,13-02-25,0,0,1,0,0,1,0,0,0,1
45,Male,0,1,42908,16,3,Yes,11,1,0.997017646,19-02-25,1,0,0,0,0,1,0,0,0,1
22,Female,1,3,57663,3,1,No,6,1,0.999987472,10-11-25,0,1,0,0,0,0,0,1,0,1
35,Male,0,1,59791,14,3,No,4,0,0.176819172,23-10-25,0,0,1,0,0,0,0,1,0,0
37,Female,1,4,116143,3,1,No,26,1,0.999858195,11-10-25,0,1,0,0,0,0,1,0,0,1
53,Female,1,1,25313,2,2,Yes,8,1,0.999999989,07-10-25,0,0,0,0,1,0,0,0,1,1
36,Male,0,3,79550,8,3,Yes,13,1,0.997331237,21-09-25,0,0,0,1,0,0,1,0,0,1
28,Male,0,4,78219,18,3,Yes,10,1,0.978119182,05-05-25,0,0,1,0,0,0,1,0,0,1
37,Male,0,3,39229,9,2,Yes,18,1,0.999921949,16-07-25,0,0,1,0,0,1,0,0,0,1
50,Female,1,3,108635,1,3,No,13,1,0.997058989,31-05-25,1,0,0,0,0,1,0,0,0,1
26,Female,1,2,77221,13,4,No,4,1,0.943945671,03-04-25,0,0,1,0,0,0,0,1,0,1
44,Male,0,2,61247,9,2,No,15,1,0.842855029,06-04-25,0,0,1,0,0,0,0,1,0,1
30,Female,1,1,29417,19,2,Yes,16,1,0.999999731,19-11-25,0,0,1,0,0,0,0,1,0,1
32,Female,1,3,115632,3,3,No,4,1,0.993996217,03-12-25,0,0,1,0,0,0,0,1,0,1
40,Male,0,1,79807,5,3,Yes,22,1,0.998746179,12-07-25,1,0,0,0,0,0,0,1,0,1
41,Male,0,2,34191,10,1,Yes,27,1,0.99999274,03-01-25,0,0,0,0,1,0,0,0,1,1
30,Female,1,4,22123,13,1,No,18,1,0.999984194,23-04-25,0,1,0,0,0,0,0,0,1,1
30,Male,0,3,98537,18,1,No,15,1,0.55378167,10-03-25,0,0,0,0,1,1,0,0,0,1
44,Male,0,2,83768,1,1,No,24,1,0.983494105,25-01-25,0,0,1,0,0,1,0,0,0,1
31,Male,0,2,105481,13,2,Yes,23,1,0.997336382,07-05-25,0,0,0,0,1,1,0,0,0,1
46,Male,0,2,97154,19,4,No,2,0,0.001714939,23-09-25,0,0,1,0,0,1,0,0,0,0
56,Female,1,3,70772,12,3,No,23,1,0.997455336,28-07-25,1,0,0,0,0,0,0,1,0,1
23,Female,1,4,67224,9,2,No,22,1,0.999797703,27-11-25,0,0,0,1,0,0,0,0,1,1
37,Female,1,1,75026,17,3,No,21,1,0.988112184,06-07-25,0,0,0,0,1,0,0,0,1,1
47,Female,1,4,67365,11,3,Yes,15,1,0.999998114,27-08-25,1,0,0,0,0,0,0,1,0,1
33,Female,1,4,62316,3,3,No,22,1,0.999515823,10-05-25,1,0,0,0,0,0,0,0,1,1
47,Male,0,3,24686,7,3,No,15,1,0.826488655,04-03-25,0,0,0,0,1,1,0,0,0,1
33,Female,1,1,48202,16,3,No,29,1,0.997643614,19-10-25,0,0,1,0,0,0,0,1,0,1
42,Female,1,4,58724,15,4,No,28,1,0.981378798,28-04-25,1,0,0,0,0,0,0,1,0,1
50,Female,1,3,114283,4,2,No,23,1,0.999238524,27-09-25,1,0,0,0,0,0,1,0,0,1
31,Female,1,3,72347,4,1,No,3,1,0.999976357,16-08-25,1,0,0,0,0,1,0,0,0,1
40,Male,0,1,41097,4,3,Yes,23,1,0.999808176,12-10-25,0,0,1,0,0,0,0,1,0,1
41,Male,0,1,90469,3,2,No,22,1,0.76959533,12-08-25,0,0,1,0,0,0,1,0,0,1
37,Female,1,2,59876,3,2,No,13,1,0.999942455,02-10-25,0,0,0,1,0,0,0,0,1,1
44,Male,0,2,84140,10,2,Yes,22,1,0.999006803,09-08-25,0,1,0,0,0,0,0,0,1,1
57,Female,1,2,20691,19,3,No,4,1,0.998060982,25-11-25,0,0,0,0,1,0,1,0,0,1
40,Male,0,2,116837,19,3,Yes,15,1,0.93008351,28-05-25,0,0,0,1,0,0,0,1,0,1
30,Female,1,4,61347,17,2,No,5,1,0.998894303,09-12-25,0,0,0,0,1,0,1,0,0,1
32,Female,1,1,118581,3,1,No,12,1,0.999903674,17-10-25,0,0,0,0,1,0,0,1,0,1
34,Female,1,2,59560,9,3,No,7,1,0.998284508,09-03-25,0,0,0,0,1,0,0,0,1,1
40,Female,1,2,97986,18,3,Yes,21,1,0.99994008,15-10-25,0,1,0,0,0,0,0,0,1,1
23,Male,0,3,21161,1,2,Yes,28,1,0.99998877,30-09-25,0,1,0,0,0,1,0,0,0,1
53,Male,0,4,109389,6,1,No,11,1,0.817053281,29-03-25,0,1,0,0,0,1,0,0,0,1
22,Male,0,3,53654,3,3,Yes,26,1,0.999638611,02-11-25,1,0,0,0,0,0,1,0,0,1
33,Female,1,3,31984,0,3,No,28,1,0.999941439,17-11-25,0,0,0,1,0,0,1,0,0,1
49,Female,1,1,75913,6,2,No,10,1,0.999719608,07-10-25,0,0,1,0,0,1,0,0,0,1
25,Female,1,4,30770,10,4,No,18,1,0.996925566,20-06-25,0,0,0,1,0,1,0,0,0,1
32,Male,0,1,60130,11,3,Yes,10,1,0.996586522,10-10-25,0,1,0,0,0,0,0,1,0,1
23,Female,1,1,49327,1,4,Yes,22,1,0.999998733,30-01-25,0,0,1,0,0,0,0,1,0,1
41,Female,1,2,82559,9,4,No,10,1,0.978259734,23-10-25,0,0,0,1,0,0,0,1,0,1
54,Male,0,1,53783,8,2,Yes,10,1,0.99985382,30-10-25,1,0,0,0,0,0,1,0,0,1
58,Female,1,2,117999,12,2,Yes,25,1,0.999997456,30-08-25,0,0,0,1,0,1,0,0,0,1
48,Male,0,1,114543,1,4,No,26,1,0.038066685,30-03-25,0,0,0,0,1,0,0,0,1,0
23,Female,1,4,25543,8,4,No,26,1,0.998073723,20-07-25,0,0,1,0,0,1,0,0,0,1
31,Female,1,4,89345,15,4,No,7,1,0.840273717,01-03-25,0,1,0,0,0,0,0,1,0,1
23,Male,0,1,101531,3,4,No,22,0,0.038887633,08-06-25,0,0,0,1,0,0,1,0,0,0
35,Male,0,2,27452,14,4,Yes,5,1,0.99005407,05-06-25,0,0,1,0,0,0,1,0,0,1
41,Female,1,1,36663,9,2,No,14,1,0.99993171,23-12-25,0,0,0,1,0,0,1,0,0,1
39,Male,0,4,89517,1,4,Yes,26,1,0.99170795,28-11-25,0,0,1,0,0,0,1,0,0,1
43,Male,0,4,25573,3,1,No,4,1,0.997613686,22-01-25,0,0,1,0,0,0,0,0,1,1
35,Male,0,3,96623,3,4,Yes,25,1,0.983343622,06-04-25,0,0,1,0,0,0,0,0,1,1
54,Male,0,1,48835,19,2,Yes,6,1,0.999119966,14-07-25,0,0,0,0,1,0,1,0,0,1
44,Female,1,4,93580,15,3,No,5,1,0.982074567,29-05-25,0,0,1,0,0,0,0,1,0,1
35,Female,1,3,54782,13,2,Yes,12,1,0.999999434,03-12-25,0,1,0,0,0,0,1,0,0,1
44,Female,1,2,104284,6,2,No,15,1,0.99896901,13-02-25,0,1,0,0,0,0,0,1,0,1
38,Female,1,1,50005,14,4,Yes,2,1,0.99997536,18-09-25,1,0,0,0,0,1,0,0,0,1
48,Female,1,4,43382,7,4,No,27,1,0.997872478,25-07-25,1,0,0,0,0,0,0,1,0,1
36,Male,0,3,20864,2,1,No,28,1,0.998773261,24-03-25,0,0,1,0,0,0,1,0,0,1
44,Female,1,4,86471,12,3,No,20,1,0.98811778,18-10-25,0,1,0,0,0,1,0,0,0,1
26,Female,1,1,68924,5,3,No,25,1,0.999065199,05-04-25,0,0,0,1,0,0,1,0,0,1
43,Female,1,2,99788,4,4,No,27,1,0.976332664,30-03-25,1,0,0,0,0,0,1,0,0,1
29,Male,0,3,45216,19,4,No,23,1,0.024428352,06-04-25,1,0,0,0,0,1,0,0,0,0
32,Male,0,3,24078,10,1,No,22,1,0.994952697,06-08-25,0,0,0,1,0,0,0,0,1,1
37,Male,0,3,113715,13,3,Yes,1,1,0.954131203,27-02-25,1,0,0,0,0,0,1,0,0,1
22,Female,1,1,114913,19,2,No,8,1,0.96710944,29-01-25,0,1,0,0,0,1,0,0,0,1
54,Female,1,3,67291,2,1,No,27,1,0.999994323,30-12-25,0,0,0,1,0,0,0,0,1,1
33,Female,1,4,103564,19,1,No,7,1,0.99861143,17-09-25,0,0,1,0,0,1,0,0,0,1
40,Male,0,2,27130,12,3,No,13,1,0.452955853,07-07-25,0,1,0,0,0,0,0,0,1,0
43,Female,1,4,63059,14,1,No,13,1,0.999872446,08-12-25,0,1,0,0,0,0,1,0,0,1
40,Female,1,4,22035,7,2,No,26,1,0.9999843,28-08-25,0,0,0,1,0,0,0,0,1,1
47,Male,0,3,118602,12,4,No,9,0,0.004515617,20-01-25,0,0,0,0,1,0,0,1,0,0
40,Female,1,4,83014,18,4,Yes,15,1,0.999834895,24-09-25,0,0,1,0,0,0,1,0,0,1
47,Male,0,2,101418,5,2,Yes,11,1,0.999572778,02-10-25,0,0,0,0,1,0,0,1,0,1
27,Female,1,2,24837,16,2,No,28,1,0.999890578,06-03-25,0,0,1,0,0,0,0,1,0,1
56,Male,0,4,32615,19,2,Yes,15,1,0.999481071,20-09-25,0,1,0,0,0,1,0,0,0,1
32,Female,1,3,80739,11,2,No,6,1,0.999124869,20-05-25,0,0,0,0,1,0,1,0,0,1
58,Male,0,2,53367,15,1,No,13,1,0.934223296,30-03-25,0,0,1,0,0,0,1,0,0,1
25,Male,0,3,58367,16,3,No,14,0,0.134141778,02-05-25,1,0,0,0,0,1,0,0,0,0
32,Female,1,4,50133,8,3,No,13,1,0.999486463,06-10-25,0,0,0,1,0,0,0,1,0,1
49,Female,1,3,116622,18,1,Yes,4,1,0.999997839,27-09-25,0,1,0,0,0,0,0,1,0,1
35,Female,1,3,110909,16,3,Yes,16,1,0.999952926,26-08-25,0,0,0,0,1,0,1,0,0,1
51,Male,0,4,55932,12,3,No,14,0,0.269285794,05-08-25,0,1,0,0,0,0,0,1,0,0
59,Male,0,2,115790,19,2,No,6,1,0.067413356,16-11-25,1,0,0,0,0,0,0,1,0,0
44,Female,1,1,76809,6,2,No,17,1,0.999592108,29-07-25,0,1,0,0,0,0,0,0,1,1
31,Female,1,2,103384,6,4,No,29,1,0.958915488,02-11-25,1,0,0,0,0,0,1,0,0,1
59,Male,0,3,65875,0,1,No,12,1,0.994923865,07-07-25,0,0,1,0,0,0,0,1,0,1
55,Female,1,4,111024,3,3,Yes,22,1,0.999998037,06-08-25,0,0,0,1,0,0,0,1,0,1
25,Male,0,1,30310,17,1,Yes,29,1,0.999965418,18-10-25,0,1,0,0,0,0,0,1,0,1
29,Male,0,1,102839,18,4,Yes,18,1,0.573673648,01-09-25,0,1,0,0,0,0,0,0,1,1
48,Female,1,4,81816,17,4,Yes,28,1,0.999921204,16-01-25,0,0,0,0,1,1,0,0,0,1
56,Female,1,3,36122,3,1,Yes,17,1,0.999999998,08-02-25,0,0,0,0,1,1,0,0,0,1
47,Male,0,4,84550,8,4,No,22,0,0.044121194,22-07-25,0,0,0,1,0,0,1,0,0,0
23,Male,0,4,91947,3,2,Yes,26,1,0.999781683,30-06-25,0,0,0,0,1,0,1,0,0,1
28,Female,1,1,93984,12,2,Yes,6,1,0.99999808,13-02-25,0,0,0,0,1,0,1,0,0,1
29,Male,0,4,44594,4,2,Yes,5,1,0.999952975,30-01-25,1,0,0,0,0,0,0,0,1,1
54,Female,1,2,76548,11,2,No,27,1,0.999530275,03-09-25,1,0,0,0,0,1,0,0,0,1
42,Female,1,4,46140,0,3,No,21,1,0.999896741,28-09-25,0,0,1,0,0,0,0,1,0,1
23,Female,1,4,25606,11,2,Yes,18,1,0.99999995,16-09-25,0,0,0,0,1,0,0,0,1,1
28,Male,0,3,68849,11,2,No,5,1,0.504014177,05-07-25,0,1,0,0,0,0,0,0,1,1
54,Female,1,4,118234,10,4,Yes,27,1,0.999912031,29-07-25,1,0,0,0,0,0,0,1,0,1
25,Female,1,1,49793,1,4,Yes,6,1,0.999996421,25-01-25,0,1,0,0,0,1,0,0,0,1
42,Female,1,3,107902,13,3,No,28,1,0.983726772,12-08-25,0,0,1,0,0,0,0,1,0,1
49,Male,0,3,62614,16,1,Yes,26,1,0.999914112,30-05-25,1,0,0,0,0,0,1,0,0,1
53,Female,1,1,104694,4,2,No,21,1,0.999579828,26-11-25,0,0,0,1,0,1,0,0,0,1
36,Male,0,3,20924,14,3,Yes,19,1,0.999385139,23-09-25,0,0,0,0,1,0,1,0,0,1
49,Female,1,1,100846,2,2,Yes,12,1,0.999999647,21-04-25,1,0,0,0,0,0,1,0,0,1
59,Male,0,1,117628,18,3,No,8,0,0.012746466,08-01-25,0,0,0,1,0,0,0,1,0,0
41,Male,0,3,107939,18,1,Yes,3,1,0.997746522,14-02-25,0,1,0,0,0,0,0,0,1,1
29,Female,1,3,31279,12,3,No,16,1,0.999374117,09-01-25,0,0,0,1,0,0,0,0,1,1
35,Male,0,1,85524,6,3,No,7,0,0.133526457,12-04-25,0,1,0,0,0,1,0,0,0,0
55,Male,0,1,64439,16,1,No,12,1,0.875584459,01-01-25,0,0,1,0,0,1,0,0,0,1
31,Female,1,3,70383,13,4,Yes,24,1,0.999945088,02-11-25,0,1,0,0,0,0,1,0,0,1
33,Female,1,1,113648,13,4,Yes,14,1,0.999703893,06-10-25,0,0,1,0,0,1,0,0,0,1
27,Male,0,3,46026,17,2,Yes,13,1,0.999419,12-02-25,0,0,1,0,0,0,1,0,0,1
35,Female,1,4,47281,18,4,No,27,1,0.977964668,09-06-25,0,0,0,1,0,1,0,0,0,1
30,Male,0,4,100863,19,4,Yes,1,1,0.692036531,09-03-25,1,0,0,0,0,0,0,1,0,1
55,Female,1,4,99823,15,3,Yes,13,1,0.999978846,26-09-25,0,0,0,0,1,0,1,0,0,1
26,Male,0,1,65203,17,3,Yes,18,1,0.991537636,07-03-25,0,0,0,0,1,0,0,0,1,1
31,Male,0,3,117649,14,3,Yes,12,1,0.937295475,24-04-25,0,1,0,0,0,0,0,1,0,1
32,Male,0,3,114242,6,1,Yes,26,1,0.999852983,26-08-25,1,0,0,0,0,0,1,0,0,1
35,Female,1,2,100428,11,4,Yes,9,1,0.999884593,12-07-25,0,0,1,0,0,0,0,0,1,1
43,Female,1,3,76759,18,2,No,12,1,0.998164396,08-08-25,0,0,0,1,0,0,0,0,1,1
49,Male,0,4,110810,0,3,Yes,28,1,0.998035147,29-06-25,0,0,1,0,0,1,0,0,0,1
58,Female,1,2,25730,1,3,No,3,1,0.999899751,17-06-25,0,0,1,0,0,0,1,0,0,1
37,Male,0,2,101533,15,4,No,16,0,0.003834348,22-06-25,1,0,0,0,0,0,0,0,1,0
29,Female,1,4,62422,7,1,No,25,1,0.999984862,06-03-25,0,0,0,0,1,0,0,0,1,1
27,Female,1,3,37010,10,3,Yes,23,1,0.999999621,18-12-25,0,0,0,0,1,0,0,1,0,1
51,Male,0,1,20490,17,3,No,15,1,0.411421369,13-08-25,1,0,0,0,0,0,1,0,0,0
42,Female,1,1,116870,12,4,Yes,18,1,0.999761379,29-03-25,1,0,0,0,0,1,0,0,0,1
28,Female,1,2,66511,19,3,Yes,6,1,0.999987406,13-12-25,0,0,0,1,0,1,0,0,0,1
30,Male,0,1,54924,7,4,Yes,13,1,0.993104496,18-03-25,0,0,0,0,1,0,0,0,1,1
44,Female,1,4,67204,16,4,Yes,9,1,0.999966948,25-01-25,0,0,0,1,0,0,0,1,0,1
27,Male,0,3,71448,5,2,No,13,1,0.850253154,16-03-25,0,0,0,0,1,1,0,0,0,1
35,Male,0,2,49863,2,3,No,21,1,0.795324937,21-12-25,0,0,0,0,1,1,0,0,0,1
54,Male,0,4,91186,17,4,No,17,0,0.002995747,10-12-25,0,1,0,0,0,0,1,0,0,0
56,Male,0,2,42499,12,1,No,28,1,0.972788078,06-05-25,0,1,0,0,0,1,0,0,0,1
55,Female,1,1,50607,1,1,No,19,1,0.999996178,30-07-25,0,0,1,0,0,1,0,0,0,1
46,Female,1,4,27349,18,1,Yes,1,1,0.999999964,11-02-25,0,0,1,0,0,0,0,0,1,1
40,Male,0,1,103791,11,4,No,23,0,0.007578064,03-02-25,0,0,1,0,0,1,0,0,0,0
