Age,Gender,Department,JobRole,Education,MonthlyIncome,YearsAtCompany,JobSatisfaction,OverTime,DistanceFromHome,Attrition,Probability,Timestamp
50,Male,HR,Manager,3,96820,6,2,No,19,1,0.880797078,03-08-25
32,Female,HR,Engineer,3,64131,7,4,No,3,1,0.622459331,30-05-25
23,Male,HR,Manager,4,82955,5,2,No,28,1,0.880797078,04-10-25
54,Male,HR,Engineer,4,105305,11,1,No,17,1,0.880797078,28-02-25
49,Female,R&D,Analyst,4,79150,14,2,No,19,1,0.92414182,30-12-25
24,Female,Finance,Engineer,1,23890,6,1,Yes,9,1,0.998498818,16-06-25
39,Female,IT,Engineer,4,28792,13,2,Yes,26,1,0.998498818,22-09-25
47,Male,Finance,Manager,1,43483,6,4,No,29,1,0.880797078,21-09-25
56,Male,HR,Engineer,2,55920,3,2,No,8,1,0.880797078,02-01-25
27,Male,R&D,Executive,2,98953,3,2,Yes,29,1,0.98201379,10-07-25
39,Male,R&D,Manager,2,91211,1,2,No,4,1,0.952574127,27-09-25
52,Female,Sales,Engineer,4,31534,7,2,Yes,23,1,0.998498818,09-09-25
42,Male,IT,Manager,4,44300,17,3,No,21,1,0.880797078,07-10-25
47,Male,HR,Engineer,1,106779,12,1,Yes,29,1,0.98201379,15-01-25
22,Female,IT,Analyst,1,60774,8,4,No,1,1,0.622459331,16-05-25
45,Male,IT,Manager,3,25258,18,1,No,8,1,0.98201379,12-06-25
56,Female,IT,Manager,1,32666,4,2,Yes,7,1,0.998498818,10-02-25
49,Female,Finance,Manager,3,28392,7,4,Yes,2,1,0.989013057,02-02-25
44,Male,HR,Executive,2,99575,4,3,No,12,0,0.5,26-12-25
43,Female,Finance,Analyst,3,90592,2,1,No,15,1,0.970687769,11-05-25
22,Female,Finance,Manager,1,118806,13,3,Yes,27,1,0.92414182,26-07-25
36,Female,HR,Executive,2,43419,12,3,No,7,1,0.92414182,29-08-25
53,Male,R&D,Analyst,4,38141,4,3,Yes,7,1,0.98201379,25-08-25
36,Female,IT,Analyst,3,53827,12,4,Yes,7,1,0.92414182,06-07-25
43,Male,R&D,Executive,4,63585,9,1,Yes,25,1,0.98201379,14-05-25
49,Female,R&D,Executive,4,89163,19,2,Yes,11,1,0.989013057,08-05-25
49,Female,HR,Manager,1,64262,0,1,Yes,25,1,0.995929862,10-10-25
34,Female,IT,Manager,1,29474,6,2,No,8,1,0.989013057,17-05-25
58,Male,Finance,Analyst,1,118098,9,4,No,24,0,0.5,11-11-25
53,Female,Sales,Executive,4,88840,19,1,No,17,1,0.92414182,21-02-25
33,Female,Sales,Engineer,2,85318,1,3,No,17,1,0.817574476,11-04-25
38,Female,Sales,Engineer,3,46736,1,2,No,28,1,0.995929862,23-02-25
44,Female,HR,Engineer,1,58623,0,1,Yes,19,1,0.995929862,06-05-25
23,Male,HR,Manager,1,70859,5,4,No,23,0,0.5,20-11-25
32,Female,Finance,Engineer,4,32688,5,4,Yes,5,1,0.989013057,08-04-25
27,Male,R&D,Engineer,2,54698,15,4,No,1,0,0.5,20-07-25
27,Female,HR,Engineer,4,35708,2,4,No,28,1,0.970687769,12-12-25
24,Male,HR,Engineer,3,31411,6,4,Yes,9,1,0.98201379,08-05-25
39,Male,IT,Analyst,4,57504,10,4,Yes,25,1,0.880797078,31-05-25
52,Male,Finance,Analyst,2,80713,2,3,No,28,1,0.731058579,24-05-25
47,Female,R&D,Manager,4,36371,16,2,No,1,1,0.989013057,31-10-25
33,Male,HR,Analyst,1,49855,8,1,No,3,1,0.98201379,27-05-25
37,Male,Sales,Executive,3,24499,0,4,Yes,20,1,0.993307149,16-03-25
29,Male,Finance,Analyst,4,73351,19,2,Yes,3,1,0.98201379,22-04-25
46,Male,R&D,Analyst,3,22200,17,4,Yes,14,1,0.98201379,04-12-25
23,Female,IT,Engineer,2,81135,8,4,Yes,1,1,0.92414182,09-03-25
54,Female,Sales,Analyst,2,111412,15,4,Yes,24,1,0.92414182,15-05-25
24,Male,Finance,Manager,1,90271,0,4,Yes,12,1,0.952574127,22-01-25
51,Female,Sales,Manager,2,67333,12,3,No,22,1,0.622459331,21-09-25
48,Male,HR,Executive,3,69377,0,4,No,15,1,0.731058579,13-11-25
40,Female,HR,Analyst,4,93744,11,4,No,29,1,0.622459331,15-02-25
27,Female,HR,Manager,3,52635,8,1,Yes,24,1,0.989013057,15-12-25
52,Male,IT,Engineer,3,86235,0,4,No,29,1,0.731058579,10-06-25
24,Female,Finance,Executive,4,46641,9,3,No,22,1,0.92414182,27-02-25
24,Male,IT,Analyst,4,71885,17,4,Yes,15,1,0.880797078,08-12-25
44,Male,Sales,Manager,2,76958,9,2,No,26,1,0.880797078,30-09-25
54,Male,Sales,Engineer,1,98069,15,3,No,29,0,0.5,19-06-25
47,Male,R&D,Manager,3,70993,12,4,No,26,0,0.5,09-11-25
57,Male,R&D,Executive,1,22368,7,4,Yes,14,1,0.98201379,22-05-25
33,Female,HR,Executive,3,75766,14,4,No,2,1,0.622459331,18-11-25
53,Male,R&D,Manager,3,119157,18,1,Yes,26,1,0.98201379,04-03-25
43,Female,HR,Executive,2,116825,16,4,Yes,10,1,0.92414182,22-11-25
36,Male,Finance,Executive,2,35338,4,1,Yes,8,1,0.997527377,22-02-25
26,Male,Finance,Manager,3,107235,5,1,No,20,1,0.880797078,16-12-25
56,Male,HR,Executive,3,92615,19,4,Yes,13,1,0.880797078,04-05-25
51,Female,HR,Engineer,3,106672,18,4,Yes,26,1,0.92414182,12-12-25
58,Male,HR,Executive,2,28308,8,4,No,21,1,0.880797078,09-05-25
22,Male,IT,Analyst,3,66175,15,1,No,8,1,0.880797078,25-08-25
22,Male,R&D,Engineer,4,33500,6,4,Yes,5,1,0.98201379,05-10-25
50,Male,HR,Manager,3,93666,11,2,Yes,16,1,0.98201379,27-03-25
50,Male,Sales,Engineer,2,29435,4,3,Yes,17,1,0.98201379,04-04-25
26,Male,R&D,Executive,4,63919,15,1,Yes,7,1,0.98201379,10-04-25
54,Female,IT,Engineer,2,79101,4,3,No,26,1,0.622459331,10-01-25
26,Male,Sales,Manager,4,88385,19,3,No,10,0,0.5,07-09-25
40,Female,R&D,Engineer,2,29823,0,4,No,5,1,0.970687769,04-01-25
37,Male,IT,Executive,4,77679,1,1,No,28,1,0.952574127,09-06-25
48,Female,HR,Engineer,4,38071,11,2,Yes,3,1,0.998498818,02-02-25
54,Female,Sales,Engineer,1,113610,4,4,No,3,1,0.622459331,06-03-25
54,Female,HR,Executive,4,89449,10,4,Yes,29,1,0.92414182,12-01-25
52,Male,Finance,Executive,2,32161,18,2,Yes,3,1,0.997527377,03-08-25
38,Male,Finance,Engineer,2,45351,9,2,Yes,2,1,0.997527377,25-04-25
28,Male,HR,Executive,4,102745,17,1,Yes,11,1,0.98201379,05-08-25
42,Male,Finance,Manager,1,112920,3,2,Yes,5,1,0.98201379,11-07-25
56,Female,IT,Analyst,1,103042,15,4,Yes,18,1,0.92414182,06-04-25
45,Male,Sales,Executive,3,27357,4,4,No,17,1,0.880797078,02-07-25
34,Female,Finance,Executive,3,88450,8,2,Yes,17,1,0.989013057,03-03-25
41,Female,IT,Analyst,4,20728,12,3,No,19,1,0.92414182,26-06-25
57,Female,HR,Engineer,4,83932,8,3,No,12,1,0.622459331,22-09-25
28,Female,HR,Executive,4,102637,19,3,No,26,1,0.622459331,24-05-25
26,Female,R&D,Executive,3,109112,19,3,No,21,1,0.622459331,22-02-25
44,Female,Finance,Analyst,4,47192,6,1,Yes,21,1,0.998498818,11-02-25
35,Female,Sales,Manager,3,29348,2,3,Yes,29,1,0.995929862,23-08-25
32,Male,Sales,Executive,2,92267,8,2,Yes,26,1,0.98201379,10-09-25
59,Female,R&D,Engineer,3,41677,12,4,No,10,1,0.92414182,10-10-25
23,Female,Finance,Manager,1,108092,4,2,Yes,19,1,0.989013057,16-05-25
22,Male,IT,Engineer,2,111792,6,1,Yes,13,1,0.98201379,12-05-25
57,Female,IT,Engineer,2,109339,18,1,Yes,12,1,0.989013057,01-07-25
48,Male,IT,Executive,2,75129,18,3,No,3,0,0.5,22-06-25
34,Male,R&D,Engineer,2,29435,19,4,No,8,1,0.880797078,13-11-25
22,Male,HR,Engineer,3,100219,16,1,No,24,1,0.880797078,27-04-25
27,Female,R&D,Executive,2,56395,12,4,No,13,1,0.622459331,13-11-25
42,Female,R&D,Manager,4,113045,10,4,Yes,5,1,0.92414182,13-06-25
56,Female,R&D,Analyst,3,33843,17,3,No,9,1,0.92414182,01-11-25
35,Female,Finance,Executive,3,72638,0,1,Yes,22,1,0.995929862,16-09-25
37,Female,IT,Engineer,3,44504,10,4,No,10,1,0.92414182,12-08-25
37,Male,R&D,Manager,4,110469,11,4,No,28,0,0.5,08-01-25
49,Male,R&D,Manager,4,81529,7,2,No,28,1,0.880797078,27-06-25
49,Female,HR,Engineer,4,24835,16,1,No,1,1,0.989013057,31-07-25
34,Female,Finance,Engineer,4,117007,12,2,No,3,1,0.92414182,10-09-25
27,Female,HR,Executive,2,76178,4,3,No,25,1,0.622459331,10-01-25
51,Male,Sales,Engineer,2,76570,12,1,Yes,23,1,0.98201379,16-10-25
22,Female,Sales,Manager,2,28415,14,1,Yes,11,1,0.998498818,07-12-25
47,Male,R&D,Manager,3,82680,16,1,No,1,1,0.880797078,08-04-25
56,Male,R&D,Engineer,3,20384,15,3,Yes,6,1,0.98201379,16-07-25
52,Female,HR,Executive,1,100642,4,1,No,5,1,0.92414182,21-07-25
31,Female,R&D,Manager,3,33456,13,1,Yes,14,1,0.998498818,01-01-25
34,Female,IT,Manager,4,41949,0,1,No,8,1,0.995929862,15-10-25
55,Male,Finance,Analyst,4,27239,6,2,No,26,1,0.98201379,11-06-25
24,Female,Sales,Engineer,3,52049,11,1,No,22,1,0.92414182,24-08-25
26,Male,IT,Analyst,2,44285,16,4,Yes,15,1,0.98201379,26-07-25
58,Male,IT,Executive,1,97709,1,3,No,19,1,0.731058579,13-04-25
59,Female,R&D,Analyst,4,98587,1,2,No,18,1,0.970687769,08-04-25
39,Female,HR,Manager,2,45934,18,3,Yes,2,1,0.989013057,04-11-25
59,Male,Finance,Analyst,1,117239,14,4,No,23,0,0.5,16-04-25
38,Female,Sales,Engineer,1,59811,9,4,Yes,17,1,0.92414182,26-11-25
38,Female,R&D,Engineer,4,75123,4,2,Yes,6,1,0.989013057,22-02-25
23,Female,HR,Engineer,1,56586,10,4,Yes,11,1,0.92414182,21-04-25
44,Female,Sales,Analyst,3,100719,10,2,Yes,16,1,0.989013057,08-01-25
25,Female,Finance,Manager,4,61240,2,4,Yes,3,1,0.970687769,04-06-25
50,Female,Sales,Executive,4,95697,18,3,Yes,21,1,0.92414182,05-01-25
39,Male,R&D,Manager,4,56668,5,1,Yes,5,1,0.98201379,21-08-25
33,Female,Finance,Executive,2,113229,1,1,No,14,1,0.970687769,06-08-25
48,Male,HR,Engineer,1,43321,14,1,No,22,1,0.98201379,27-08-25
51,Female,Sales,Executive,3,39262,15,1,Yes,17,1,0.998498818,26-01-25
57,Male,Sales,Executive,1,79399,16,3,No,29,0,0.5,29-06-25
36,Female,IT,Manager,3,102558,13,2,Yes,28,1,0.989013057,19-03-25
45,Female,Finance,Executive,2,36748,13,3,Yes,24,1,0.989013057,07-01-25
24,Female,Finance,Executive,3,102838,13,3,Yes,15,1,0.92414182,01-10-25
59,Male,IT,Analyst,3,54674,14,4,Yes,25,1,0.880797078,29-04-25
58,Male,Finance,Executive,4,110825,6,1,Yes,17,1,0.98201379,19-08-25
43,Female,Sales,Executive,2,67915,16,1,Yes,20,1,0.989013057,25-01-25
25,Female,HR,Engineer,2,93794,8,1,No,18,1,0.92414182,21-04-25
57,Male,Finance,Engineer,3,46069,1,3,Yes,8,1,0.993307149,24-08-25
40,Male,IT,Analyst,2,80004,5,4,Yes,26,1,0.880797078,16-11-25
55,Male,IT,Manager,3,95703,12,2,No,5,1,0.880797078,16-10-25
43,Male,HR,Executive,1,21605,15,4,No,11,1,0.880797078,14-11-25
51,Male,Finance,Engineer,3,105655,8,3,Yes,3,1,0.880797078,31-08-25
52,Male,Sales,Manager,4,24324,3,4,Yes,6,1,0.98201379,18-11-25
41,Male,R&D,Analyst,4,48746,3,3,No,6,1,0.880797078,28-04-25
51,Male,R&D,Analyst,4,33234,1,3,No,11,1,0.952574127,26-01-25
26,Male,Finance,Analyst,2,50105,3,3,Yes,20,1,0.880797078,13-08-25
41,Female,IT,Manager,1,87584,13,4,No,6,1,0.622459331,20-10-25
32,Male,R&D,Executive,3,67362,0,2,Yes,18,1,0.993307149,10-01-25
26,Male,IT,Executive,3,29865,11,2,No,13,1,0.98201379,17-06-25
23,Male,IT,Executive,4,28512,4,1,No,17,1,0.98201379,22-09-25
32,Female,Finance,Engineer,3,99767,5,3,No,3,1,0.622459331,04-04-25
52,Female,R&D,Executive,1,103524,11,2,No,14,1,0.92414182,17-05-25
55,Male,IT,Analyst,4,93698,2,1,Yes,8,1,0.993307149,16-11-25
43,Male,HR,Executive,4,25951,7,3,Yes,9,1,0.98201379,17-08-25
35,Male,Finance,Engineer,4,108861,2,1,No,5,1,0.952574127,05-01-25
40,Male,R&D,Analyst,3,20077,3,1,Yes,13,1,0.997527377,11-02-25
46,Male,IT,Manager,2,63303,7,3,No,8,0,0.5,14-01-25
53,Female,IT,Analyst,3,93340,5,1,Yes,23,1,0.989013057,04-03-25
36,Male,R&D,Manager,1,39096,16,1,No,15,1,0.98201379,05-11-25
27,Male,Sales,Executive,2,112738,6,3,Yes,8,1,0.880797078,11-02-25
36,Male,IT,Engineer,3,91324,0,4,No,7,1,0.731058579,06-06-25
59,Male,HR,Manager,1,86656,4,3,No,23,0,0.5,16-10-25
25,Female,Sales,Executive,2,79201,9,1,No,27,1,0.92414182,26-11-25
54,Male,IT,Analyst,2,75180,14,4,No,13,0,0.5,04-08-25
36,Male,HR,Analyst,1,40103,4,1,Yes,15,1,0.997527377,20-11-25
33,Female,Finance,Engineer,1,40609,18,3,No,4,1,0.92414182,19-10-25
47,Female,R&D,Executive,3,91315,10,2,No,10,1,0.92414182,26-12-25
59,Female,HR,Manager,2,32999,14,2,Yes,14,1,0.998498818,29-12-25
33,Female,HR,Analyst,2,95916,7,2,Yes,18,1,0.989013057,21-04-25
33,Female,IT,Analyst,4,57219,15,4,Yes,5,1,0.92414182,20-10-25
29,Male,IT,Analyst,3,72329,16,4,No,26,0,0.5,20-02-25
50,Male,Finance,Executive,2,64327,8,2,Yes,11,1,0.98201379,14-09-25
58,Female,R&D,Engineer,1,21645,3,2,Yes,23,1,0.998498818,09-11-25
22,Male,IT,Analyst,3,73173,18,4,No,15,0,0.5,29-05-25
30,Male,R&D,Engineer,1,117416,9,4,No,25,0,0.5,27-04-25
47,Male,Sales,Analyst,1,60738,19,1,Yes,26,1,0.98201379,16-03-25
59,Female,Sales,Analyst,2,28070,17,3,Yes,2,1,0.989013057,13-12-25
38,Female,Finance,Analyst,4,61914,11,3,No,19,1,0.622459331,01-07-25
45,Male,Finance,Executive,1,87526,19,2,No,21,1,0.880797078,10-12-25
54,Female,HR,Manager,1,57148,10,2,Yes,26,1,0.989013057,05-06-25
42,Male,Sales,Analyst,1,90480,19,1,No,17,1,0.880797078,28-05-25
43,Female,R&D,Analyst,4,41566,7,1,Yes,7,1,0.998498818,14-09-25
53,Female,R&D,Analyst,1,61949,18,3,Yes,24,1,0.92414182,30-07-25
53,Male,IT,Engineer,2,79676,16,1,No,29,1,0.880797078,13-10-25
37,Male,Finance,Engineer,4,109106,17,1,Yes,14,1,0.98201379,24-06-25
23,Female,R&D,Analyst,2,58000,17,2,Yes,6,1,0.989013057,15-11-25
25,Male,Sales,Engineer,1,72487,6,3,Yes,10,1,0.880797078,11-06-25
54,Male,HR,Executive,3,101974,17,3,No,29,0,0.5,08-01-25
22,Male,R&D,Engineer,1,96534,2,4,No,23,1,0.731058579,12-09-25
29,Female,Sales,Manager,2,51480,14,1,Yes,3,1,0.989013057,20-02-25
54,Male,IT,Executive,4,99111,1,3,No,24,1,0.731058579,19-03-25
53,Female,Sales,Analyst,4,104458,15,4,No,20,1,0.622459331,14-06-25
42,Male,R&D,Manager,2,86358,15,2,No,7,1,0.880797078,26-11-25
28,Female,HR,Engineer,1,22198,18,4,Yes,29,1,0.989013057,05-02-25
50,Male,HR,Manager,4,28705,0,3,No,5,1,0.952574127,11-01-25
23,Female,HR,Analyst,3,96918,11,4,Yes,5,1,0.92414182,20-10-25
59,Female,HR,Manager,4,83197,8,2,Yes,21,1,0.989013057,21-12-25
43,Female,R&D,Analyst,4,49975,16,2,No,24,1,0.989013057,28-02-25
44,Male,Sales,Executive,4,57599,16,2,Yes,19,1,0.98201379,28-07-25
35,Female,Finance,Analyst,1,55367,1,1,Yes,25,1,0.995929862,25-12-25
30,Female,Finance,Executive,2,37685,10,2,No,4,1,0.989013057,03-06-25
50,Female,Sales,Manager,1,94532,10,2,No,18,1,0.92414182,08-05-25
42,Female,R&D,Executive,2,58243,8,2,No,2,1,0.92414182,17-01-25
58,Male,HR,Engineer,1,98411,9,2,No,21,1,0.880797078,27-01-25
52,Male,Finance,Engineer,2,49402,7,2,Yes,12,1,0.997527377,25-08-25
28,Male,HR,Manager,2,79052,16,2,No,21,1,0.880797078,09-07-25
23,Male,Sales,Analyst,4,58709,10,1,Yes,19,1,0.98201379,30-06-25
57,Male,Finance,Analyst,3,98617,10,4,Yes,11,1,0.880797078,13-06-25
56,Male,Finance,Engineer,2,48769,14,4,No,22,1,0.880797078,10-03-25
54,Male,IT,Executive,2,94478,19,3,No,3,0,0.5,01-09-25
38,Female,Finance,Executive,2,44058,12,3,Yes,2,1,0.989013057,20-07-25
47,Male,IT,Engineer,2,21524,8,1,No,8,1,0.98201379,17-01-25
22,Female,Finance,Analyst,1,20060,10,4,No,10,1,0.92414182,25-01-25
56,Female,Finance,Executive,3,48145,4,4,Yes,12,1,0.989013057,12-04-25
55,Female,HR,Engineer,4,71474,4,4,Yes,27,1,0.92414182,01-11-25
38,Male,HR,Executive,2,56408,16,3,Yes,12,1,0.880797078,14-11-25
37,Female,HR,Executive,4,20338,7,3,No,21,1,0.92414182,22-03-25
44,Female,IT,Manager,1,87957,15,2,No,8,1,0.92414182,25-01-25
39,Male,Sales,Engineer,1,97454,8,1,No,26,1,0.880797078,16-02-25
53,Male,HR,Executive,2,49711,6,1,No,23,1,0.98201379,09-10-25
42,Male,IT,Manager,2,114457,6,2,Yes,15,1,0.98201379,27-04-25
28,Male,R&D,Executive,1,31122,15,4,No,18,1,0.880797078,11-11-25
44,Female,HR,Engineer,1,26737,19,3,Yes,3,1,0.989013057,13-04-25
38,Male,IT,Manager,2,94910,2,4,No,28,1,0.731058579,28-10-25
55,Female,Finance,Engineer,3,115402,7,2,Yes,23,1,0.989013057,30-12-25
36,Female,HR,Executive,4,26640,3,1,No,22,1,0.989013057,29-07-25
54,Female,Sales,Analyst,4,99273,11,2,Yes,2,1,0.989013057,07-11-25
56,Male,R&D,Manager,2,86081,12,1,No,18,1,0.880797078,06-04-25
56,Female,R&D,Executive,3,59974,13,4,Yes,29,1,0.92414182,14-11-25
37,Male,IT,Manager,4,103691,14,1,No,10,1,0.880797078,25-12-25
41,Male,Finance,Manager,1,30816,16,3,Yes,13,1,0.98201379,22-05-25
51,Male,HR,Engineer,2,75619,17,2,No,5,1,0.880797078,02-06-25
22,Female,R&D,Analyst,1,110093,14,1,Yes,15,1,0.989013057,01-11-25
45,Male,HR,Analyst,4,117419,4,1,Yes,5,1,0.98201379,17-07-25
45,Male,IT,Analyst,3,49757,12,2,Yes,25,1,0.997527377,18-07-25
25,Female,R&D,Engineer,3,76979,18,1,No,14,1,0.92414182,26-11-25
55,Female,HR,Analyst,1,102856,16,2,Yes,3,1,0.989013057,19-09-25
26,Female,Finance,Manager,1,93781,14,3,Yes,17,1,0.92414182,09-01-25
56,Male,Sales,Engineer,4,38297,16,1,No,27,1,0.98201379,27-06-25
39,Male,Sales,Engineer,2,44578,2,2,Yes,13,1,0.999088949,30-04-25
46,Male,HR,Executive,1,54701,4,2,No,11,1,0.880797078,15-04-25
24,Male,HR,Engineer,3,117820,8,3,No,25,0,0.5,14-08-25
33,Male,IT,Executive,2,49192,14,4,No,25,1,0.880797078,18-09-25
32,Female,Finance,Analyst,3,101121,14,2,Yes,8,1,0.989013057,08-09-25
26,Female,Finance,Executive,4,61873,5,1,No,28,1,0.92414182,25-06-25
34,Male,Finance,Engineer,4,105956,12,1,No,18,1,0.880797078,09-02-25
53,Female,Sales,Manager,2,22396,18,2,Yes,3,1,0.998498818,25-02-25
55,Male,IT,Executive,4,112108,12,1,No,6,1,0.880797078,04-08-25
40,Male,Sales,Engineer,4,39623,0,3,Yes,27,1,0.993307149,31-10-25
34,Female,Finance,Analyst,3,71756,9,4,No,27,1,0.622459331,07-07-25
28,Female,R&D,Executive,1,68874,12,2,Yes,25,1,0.989013057,31-01-25
44,Male,Sales,Analyst,2,22719,10,1,No,7,1,0.98201379,23-03-25
57,Male,R&D,Analyst,2,68845,12,1,Yes,12,1,0.98201379,22-10-25
23,Female,HR,Executive,4,115756,13,3,No,17,1,0.622459331,21-08-25
38,Female,IT,Analyst,4,51966,1,4,No,24,1,0.817574476,31-12-25
56,Male,Finance,Manager,4,90981,18,2,Yes,7,1,0.98201379,15-03-25
53,Male,Sales,Analyst,2,81246,14,2,Yes,5,1,0.98201379,05-10-25
25,Male,R&D,Engineer,4,103807,3,2,No,4,1,0.880797078,07-08-25
38,Male,Sales,Engineer,4,83888,9,2,No,1,1,0.880797078,22-01-25
47,Female,HR,Manager,4,87889,13,4,No,15,1,0.622459331,12-10-25
33,Male,HR,Executive,4,110874,2,4,Yes,29,1,0.952574127,07-01-25
50,Male,Finance,Manager,3,64064,5,3,No,15,0,0.5,27-02-25
44,Female,R&D,Engineer,2,31745,13,2,Yes,29,1,0.998498818,04-01-25
38,Female,HR,Manager,3,26540,8,3,Yes,15,1,0.989013057,12-10-25
50,Male,Finance,Executive,3,43411,1,3,No,14,1,0.952574127,25-03-25
43,Male,HR,Manager,3,42042,2,1,Yes,12,1,0.999088949,02-04-25
50,Female,R&D,Engineer,1,59214,15,1,Yes,27,1,0.989013057,25-03-25
27,Male,Finance,Analyst,3,83416,4,3,No,27,0,0.5,14-09-25
59,Male,Sales,Analyst,3,96961,2,4,No,17,1,0.731058579,08-10-25
45,Female,IT,Analyst,4,46385,14,4,No,16,1,0.92414182,27-01-25
29,Female,HR,Analyst,4,59341,16,1,Yes,21,1,0.989013057,08-01-25
36,Male,Finance,Manager,3,105553,19,3,No,3,0,0.5,15-12-25
45,Female,Finance,Manager,4,73625,2,4,Yes,14,1,0.970687769,15-01-25
46,Male,Finance,Analyst,2,31536,11,4,No,4,1,0.880797078,09-01-25
59,Male,IT,Engineer,4,94744,1,4,No,8,1,0.731058579,05-03-25
34,Male,Finance,Analyst,1,46589,17,2,Yes,15,1,0.997527377,05-04-25
59,Female,IT,Engineer,4,26154,12,1,Yes,1,1,0.998498818,12-04-25
29,Male,Finance,Manager,3,52981,18,4,No,9,0,0.5,17-03-25
53,Male,R&D,Manager,3,94319,19,1,No,10,1,0.880797078,30-08-25
54,Male,HR,Analyst,2,26368,0,1,Yes,13,1,0.999088949,18-03-25
47,Female,Finance,Analyst,2,72326,1,2,Yes,7,1,0.995929862,31-03-25
36,Male,HR,Engineer,2,85641,11,1,Yes,8,1,0.98201379,13-11-25
24,Male,HR,Analyst,3,21925,8,2,Yes,9,1,0.997527377,25-12-25
52,Female,Sales,Executive,4,53320,17,4,Yes,8,1,0.92414182,24-11-25
49,Male,HR,Manager,2,45683,14,3,Yes,7,1,0.98201379,25-03-25
37,Male,Sales,Manager,4,31653,2,3,Yes,9,1,0.993307149,07-07-25
35,Male,R&D,Manager,3,35313,11,3,Yes,12,1,0.98201379,25-01-25
40,Male,IT,Analyst,3,72579,12,4,Yes,29,1,0.880797078,29-04-25
53,Female,R&D,Executive,3,109899,17,2,No,18,1,0.92414182,30-07-25
43,Male,R&D,Executive,1,22920,2,4,Yes,10,1,0.993307149,31-08-25
56,Female,IT,Manager,1,36309,14,1,No,7,1,0.989013057,28-11-25
51,Female,HR,Executive,1,79321,19,1,No,4,1,0.92414182,08-08-25
41,Female,IT,Analyst,4,59063,17,1,Yes,19,1,0.989013057,06-04-25
57,Male,R&D,Manager,2,51860,1,4,No,4,1,0.731058579,07-03-25
36,Male,R&D,Manager,2,96707,5,3,Yes,10,1,0.880797078,31-08-25
33,Female,R&D,Executive,3,68364,17,4,No,21,1,0.622459331,13-08-25
56,Male,Finance,Analyst,2,39975,3,4,No,23,1,0.880797078,25-10-25
35,Female,IT,Engineer,2,69153,4,1,Yes,6,1,0.989013057,10-02-25
35,Female,Finance,Engineer,4,55046,19,2,No,7,1,0.92414182,22-11-25
38,Male,Finance,Executive,3,81272,1,3,No,5,1,0.731058579,18-09-25
22,Male,HR,Analyst,4,106475,3,1,No,23,1,0.880797078,30-10-25
52,Female,HR,Manager,3,72233,2,2,Yes,14,1,0.995929862,21-03-25
31,Female,HR,Executive,1,96619,8,1,No,5,1,0.92414182,03-10-25
29,Female,Finance,Engineer,3,43499,0,1,No,22,1,0.995929862,11-10-25
58,Male,R&D,Engineer,3,91652,11,1,No,17,1,0.880797078,30-04-25
49,Female,IT,Engineer,3,87278,5,4,Yes,27,1,0.92414182,30-11-25
23,Male,IT,Analyst,1,67614,4,4,Yes,26,1,0.880797078,12-10-25
22,Female,R&D,Executive,3,21058,5,1,No,21,1,0.989013057,28-02-25
26,Male,IT,Executive,1,29200,18,2,Yes,12,1,0.997527377,03-10-25
45,Female,R&D,Manager,3,85661,1,1,No,18,1,0.970687769,12-10-25
52,Female,HR,Executive,4,26638,10,2,No,23,1,0.989013057,21-10-25
41,Female,IT,Engineer,3,42911,12,4,No,16,1,0.92414182,22-08-25
29,Female,Finance,Analyst,2,43196,5,1,Yes,15,1,0.998498818,27-03-25
55,Female,Finance,Manager,1,67414,10,2,No,18,1,0.92414182,25-05-25
47,Male,IT,Analyst,4,85838,7,1,Yes,12,1,0.98201379,24-11-25
46,Male,IT,Engineer,2,50659,0,1,Yes,19,1,0.993307149,14-10-25
37,Male,R&D,Manager,2,39508,15,1,No,9,1,0.98201379,31-03-25
49,Female,Finance,Executive,2,37087,5,3,No,9,1,0.92414182,10-06-25
46,Male,Finance,Manager,4,92460,8,1,Yes,13,1,0.98201379,08-06-25
32,Female,Finance,Analyst,4,49165,3,2,No,19,1,0.989013057,23-03-25
34,Female,Finance,Executive,1,45426,12,3,No,1,1,0.92414182,10-12-25
28,Male,R&D,Engineer,1,71924,14,1,No,12,1,0.880797078,18-07-25
36,Female,Finance,Analyst,1,97714,0,1,Yes,17,1,0.995929862,18-10-25
59,Female,R&D,Engineer,2,96743,13,2,Yes,10,1,0.989013057,22-09-25
24,Male,Sales,Manager,1,113977,7,4,No,2,0,0.5,27-04-25
50,Male,IT,Executive,2,24760,11,1,No,2,1,0.98201379,31-10-25
58,Female,Sales,Analyst,3,31563,3,3,No,11,1,0.92414182,09-12-25
27,Female,Finance,Engineer,2,79889,11,3,No,11,1,0.622459331,21-01-25
44,Female,R&D,Engineer,3,89967,14,1,No,28,1,0.92414182,08-10-25
57,Female,IT,Manager,3,56914,14,4,No,21,1,0.622459331,21-05-25
43,Female,Finance,Analyst,3,66881,13,1,No,4,1,0.92414182,21-02-25
48,Female,IT,Analyst,1,92430,2,4,No,16,1,0.817574476,16-04-25
57,Female,Sales,Executive,2,32289,16,1,Yes,4,1,0.998498818,31-03-25
46,Male,Finance,Executive,2,119590,11,2,No,7,1,0.880797078,08-06-25
28,Male,Finance,Executive,3,38743,16,2,No,29,1,0.98201379,25-10-25
57,Female,IT,Analyst,4,32149,6,2,No,1,1,0.989013057,21-06-25
34,Male,Sales,Engineer,3,85429,8,2,Yes,9,1,0.98201379,28-09-25
31,Male,HR,Executive,4,96153,9,4,Yes,24,1,0.880797078,27-07-25
47,Female,Finance,Engineer,3,54084,3,2,Yes,24,1,0.989013057,19-01-25
57,Male,R&D,Manager,4,51910,9,1,Yes,18,1,0.98201379,13-06-25
31,Male,Finance,Manager,1,84174,16,3,No,12,0,0.5,14-08-25
54,Male,R&D,Engineer,3,100532,16,2,Yes,16,1,0.98201379,20-10-25
36,Male,Sales,Manager,3,53755,6,4,Yes,11,1,0.880797078,18-05-25
30,Male,R&D,Engineer,2,77784,1,4,No,3,1,0.731058579,20-09-25
42,Male,R&D,Engineer,2,114018,9,2,Yes,29,1,0.98201379,16-06-25
32,Female,HR,Engineer,3,49371,13,3,Yes,4,1,0.989013057,06-08-25
59,Female,R&D,Manager,2,51007,6,1,Yes,14,1,0.989013057,05-02-25
58,Male,Sales,Engineer,1,93379,2,1,Yes,8,1,0.993307149,19-12-25
27,Female,Finance,Analyst,1,92240,1,4,Yes,5,1,0.970687769,27-01-25
53,Female,Finance,Executive,1,76549,7,2,No,3,1,0.92414182,27-10-25
24,Female,Sales,Analyst,2,118117,1,3,Yes,12,1,0.970687769,15-09-25
59,Female,R&D,Engineer,1,29686,19,4,Yes,22,1,0.989013057,27-10-25
57,Female,IT,Analyst,1,62828,14,1,No,23,1,0.92414182,27-07-25
51,Female,Sales,Engineer,1,88619,16,4,Yes,12,1,0.92414182,16-05-25
41,Male,IT,Executive,3,119983,12,3,No,28,0,0.5,25-04-25
26,Male,R&D,Executive,4,82711,11,1,Yes,25,1,0.98201379,13-10-25
42,Male,Sales,Executive,4,105957,17,4,Yes,7,1,0.880797078,15-10-25
54,Male,HR,Engineer,1,96559,11,2,Yes,20,1,0.98201379,14-08-25
35,Male,HR,Executive,4,25782,17,1,Yes,2,1,0.997527377,27-12-25
42,Female,R&D,Executive,2,50682,8,1,No,11,1,0.92414182,19-11-25
44,Female,R&D,Engineer,2,56035,17,3,Yes,6,1,0.92414182,23-05-25
43,Male,HR,Analyst,4,84612,19,2,No,12,1,0.880797078,27-08-25
59,Female,IT,Engineer,2,107468,2,2,No,24,1,0.970687769,07-06-25
35,Male,Finance,Engineer,2,72290,15,3,No,20,0,0.5,14-01-25
30,Male,Finance,Executive,3,44226,1,3,Yes,2,1,0.993307149,25-07-25
41,Female,HR,Engineer,2,68895,9,1,Yes,2,1,0.989013057,08-10-25
54,Male,IT,Manager,4,93822,13,1,No,14,1,0.880797078,02-12-25
24,Female,Sales,Engineer,3,71112,5,1,Yes,13,1,0.989013057,27-04-25
55,Male,Finance,Manager,4,37347,14,4,No,13,1,0.880797078,12-01-25
53,Male,Sales,Executive,4,31871,12,3,Yes,14,1,0.98201379,20-01-25
39,Male,Finance,Manager,1,75099,5,4,Yes,29,1,0.880797078,12-02-25
23,Male,Finance,Manager,4,112822,18,3,No,19,0,0.5,05-01-25
40,Male,Sales,Manager,2,117033,1,2,No,11,1,0.952574127,27-06-25
52,Male,Sales,Analyst,4,115694,8,3,No,19,0,0.5,09-04-25
42,Male,R&D,Executive,1,70331,13,3,Yes,7,1,0.880797078,21-03-25
37,Male,R&D,Engineer,4,61568,3,4,No,7,0,0.5,09-02-25
38,Male,HR,Engineer,1,86918,19,1,No,20,1,0.880797078,04-05-25
59,Male,HR,Analyst,3,77009,4,4,Yes,29,1,0.880797078,07-01-25
48,Female,Sales,Manager,4,47605,13,3,Yes,5,1,0.989013057,27-03-25
26,Female,Finance,Manager,2,82646,1,2,No,27,1,0.970687769,03-09-25
59,Male,Sales,Engineer,3,43177,6,1,Yes,1,1,0.997527377,13-01-25
42,Female,HR,Executive,2,110353,12,1,No,21,1,0.92414182,04-12-25
58,Male,Sales,Engineer,1,20671,3,1,No,3,1,0.98201379,07-07-25
32,Female,Finance,Analyst,3,42420,19,4,No,23,1,0.92414182,27-04-25
47,Female,HR,Analyst,2,45121,19,4,No,28,1,0.92414182,23-03-25
56,Male,Sales,Executive,1,48380,19,1,Yes,6,1,0.997527377,11-02-25
42,Female,Sales,Executive,2,73352,16,4,No,9,1,0.622459331,09-05-25
23,Male,R&D,Manager,4,23631,0,2,No,18,1,0.993307149,10-11-25
42,Female,IT,Executive,4,112961,7,3,Yes,22,1,0.92414182,19-07-25
36,Female,R&D,Engineer,1,27099,12,3,No,5,1,0.92414182,28-03-25
58,Female,IT,Executive,4,90476,7,1,No,23,1,0.92414182,12-02-25
22,Male,IT,Engineer,1,48082,2,4,Yes,17,1,0.993307149,13-05-25
41,Male,Finance,Analyst,1,114439,13,4,Yes,11,1,0.880797078,30-07-25
28,Female,Sales,Executive,3,84027,18,3,Yes,26,1,0.92414182,18-09-25
26,Female,HR,Analyst,2,96295,9,2,Yes,15,1,0.989013057,08-08-25
38,Male,Sales,Analyst,3,81063,7,1,Yes,9,1,0.98201379,18-02-25
57,Male,Sales,Analyst,2,26979,13,1,Yes,9,1,0.997527377,05-08-25
31,Male,R&D,Engineer,1,105667,11,3,No,8,0,0.5,15-09-25
34,Male,Finance,Manager,1,59071,15,4,No,28,0,0.5,14-08-25
32,Female,IT,Analyst,2,65838,16,4,No,18,1,0.622459331,02-07-25
30,Male,Sales,Manager,1,90119,13,4,Yes,26,1,0.880797078,24-04-25
43,Female,Sales,Analyst,4,22461,19,1,No,12,1,0.989013057,15-10-25
42,Female,R&D,Manager,3,50841,6,1,Yes,12,1,0.989013057,21-08-25
39,Female,Sales,Analyst,1,48044,7,2,Yes,8,1,0.998498818,26-08-25
28,Male,R&D,Engineer,3,34571,10,4,No,22,1,0.880797078,30-05-25
46,Female,Finance,Analyst,2,43387,12,2,Yes,2,1,0.998498818,29-01-25
42,Male,IT,Manager,3,75731,17,3,Yes,15,1,0.880797078,29-03-25
34,Male,IT,Analyst,2,23754,4,1,Yes,1,1,0.997527377,03-07-25
24,Female,Finance,Executive,3,38037,18,3,No,29,1,0.92414182,30-01-25
46,Male,R&D,Analyst,4,49806,7,2,No,26,1,0.98201379,24-05-25
29,Male,R&D,Analyst,1,75147,4,3,Yes,1,1,0.880797078,14-04-25
56,Male,Sales,Manager,4,115081,1,3,Yes,25,1,0.952574127,10-01-25
42,Male,Finance,Executive,4,100102,1,1,Yes,16,1,0.993307149,13-01-25
30,Female,IT,Engineer,4,104899,9,2,No,26,1,0.92414182,23-02-25
33,Female,Sales,Engineer,1,83437,13,1,Yes,2,1,0.989013057,20-01-25
32,Male,IT,Analyst,4,109822,5,4,No,19,0,0.5,11-04-25
25,Male,HR,Manager,3,29596,3,4,Yes,10,1,0.98201379,24-01-25
56,Female,Sales,Manager,2,87364,5,1,No,22,1,0.92414182,25-12-25
42,Female,IT,Executive,2,112197,13,4,No,28,1,0.622459331,26-02-25
41,Male,HR,Analyst,1,47766,6,4,Yes,29,1,0.98201379,14-01-25
24,Male,IT,Analyst,4,68868,15,2,Yes,23,1,0.98201379,11-09-25
45,Male,IT,Analyst,2,36029,17,3,Yes,28,1,0.98201379,01-03-25
40,Male,HR,Executive,1,88926,13,3,Yes,22,1,0.880797078,01-06-25
33,Male,IT,Engineer,2,41817,5,1,Yes,4,1,0.997527377,11-07-25
40,Male,Sales,Executive,4,101580,3,2,No,23,1,0.880797078,23-04-25
54,Male,Sales,Manager,2,119134,19,1,Yes,27,1,0.98201379,08-09-25
32,Female,HR,Manager,1,53787,12,1,No,17,1,0.92414182,17-07-25
25,Male,HR,Analyst,4,50447,14,3,No,15,0,0.5,17-07-25
35,Male,Finance,Analyst,4,77418,6,1,No,26,1,0.880797078,21-11-25
31,Male,Finance,Manager,2,66850,12,3,No,17,0,0.5,16-12-25
27,Male,HR,Engineer,1,110106,12,3,Yes,21,1,0.880797078,04-02-25
47,Female,R&D,Manager,3,114788,4,4,Yes,17,1,0.92414182,15-03-25
26,Female,Sales,Analyst,4,46201,3,2,Yes,7,1,0.998498818,22-10-25
56,Male,IT,Engineer,1,22839,3,2,Yes,9,1,0.997527377,01-07-25
52,Male,R&D,Analyst,4,33975,3,1,No,24,1,0.98201379,30-12-25
51,Male,HR,Manager,2,94971,6,3,No,23,0,0.5,08-08-25
35,Female,HR,Manager,4,70057,15,4,Yes,22,1,0.92414182,16-04-25
46,Male,Sales,Executive,1,69733,11,1,No,13,1,0.880797078,16-08-25
41,Female,Sales,Analyst,2,38681,10,1,No,21,1,0.989013057,15-07-25
54,Female,IT,Executive,3,117798,5,3,Yes,15,1,0.92414182,09-06-25
32,Male,R&D,Executive,4,97454,15,3,No,21,0,0.5,03-06-25
35,Male,Finance,Manager,1,40644,17,1,Yes,3,1,0.997527377,28-03-25
47,Female,R&D,Executive,1,117239,16,3,No,19,1,0.622459331,11-12-25
42,Male,HR,Engineer,4,62891,8,1,Yes,18,1,0.98201379,27-04-25
25,Female,HR,Engineer,3,108553,6,2,Yes,23,1,0.989013057,16-10-25
38,Male,Finance,Manager,4,117852,1,4,Yes,26,1,0.952574127,12-02-25
43,Female,R&D,Analyst,1,106544,1,2,No,14,1,0.970687769,17-07-25
55,Male,HR,Analyst,1,67945,4,2,Yes,22,1,0.98201379,22-04-25
23,Male,IT,Executive,2,85633,15,4,No,19,0,0.5,05-05-25
43,Female,HR,Executive,4,94071,14,4,Yes,6,1,0.92414182,28-02-25
31,Female,Sales,Engineer,3,87263,18,3,No,17,1,0.622459331,01-02-25
28,Male,IT,Executive,1,32819,3,2,No,20,1,0.98201379,02-08-25
36,Female,Sales,Analyst,4,30983,14,2,No,20,1,0.989013057,02-04-25
35,Female,R&D,Manager,3,76700,8,4,No,26,1,0.622459331,11-10-25
47,Female,IT,Executive,1,49118,1,1,Yes,24,1,0.999447221,11-09-25
24,Female,IT,Manager,4,111179,0,2,No,20,1,0.970687769,15-08-25
27,Male,Finance,Executive,3,68563,17,3,Yes,19,1,0.880797078,16-07-25
32,Male,Sales,Executive,4,91947,9,4,No,24,0,0.5,24-10-25
57,Male,IT,Engineer,1,27239,8,3,Yes,15,1,0.98201379,26-08-25
39,Female,HR,Executive,2,26971,19,2,Yes,12,1,0.998498818,20-09-25
37,Male,HR,Analyst,3,31116,2,3,Yes,18,1,0.993307149,29-12-25
59,Male,R&D,Executive,1,105120,7,1,No,28,1,0.880797078,25-06-25
58,Female,Sales,Analyst,4,59901,5,2,Yes,22,1,0.989013057,02-10-25
53,Female,Finance,Engineer,1,82987,10,2,Yes,23,1,0.989013057,16-01-25
22,Female,R&D,Engineer,3,51852,12,2,Yes,4,1,0.989013057,12-04-25
52,Male,IT,Engineer,3,28438,4,1,Yes,3,1,0.997527377,19-12-25
25,Female,IT,Engineer,1,112051,1,2,No,5,1,0.970687769,15-08-25
49,Male,Sales,Engineer,1,69416,19,2,No,18,1,0.880797078,14-05-25
40,Female,Sales,Manager,4,101835,10,2,No,15,1,0.92414182,30-12-25
30,Female,IT,Executive,1,101623,1,2,Yes,3,1,0.995929862,17-03-25
49,Female,Sales,Manager,2,89615,0,1,Yes,3,1,0.995929862,29-06-25
55,Female,IT,Executive,1,91986,14,2,No,26,1,0.92414182,16-03-25
44,Female,Finance,Manager,4,61855,16,1,Yes,12,1,0.989013057,19-05-25
51,Female,Sales,Manager,3,52602,2,1,No,20,1,0.970687769,29-09-25
55,Female,Sales,Engineer,2,57346,7,4,No,28,1,0.622459331,16-02-25
27,Female,R&D,Executive,1,58547,0,4,Yes,23,1,0.970687769,09-12-25
24,Male,Sales,Engineer,4,118745,14,2,No,15,1,0.880797078,10-07-25
42,Male,IT,Analyst,3,29528,13,4,No,14,1,0.880797078,08-02-25
30,Male,R&D,Manager,3,70939,12,3,Yes,18,1,0.880797078,25-04-25
54,Male,HR,Analyst,2,92954,1,4,Yes,14,1,0.952574127,07-02-25
35,Female,Finance,Manager,4,106516,7,2,Yes,3,1,0.989013057,27-05-25
51,Female,HR,Executive,3,32109,19,1,Yes,25,1,0.998498818,10-12-25
35,Male,Finance,Manager,2,54518,15,1,Yes,19,1,0.98201379,20-04-25
24,Female,HR,Engineer,2,41778,8,4,No,20,1,0.92414182,22-06-25
28,Female,IT,Engineer,2,92766,8,3,No,28,1,0.622459331,01-05-25
40,Male,R&D,Executive,3,76307,13,4,Yes,6,1,0.880797078,13-11-25
57,Female,HR,Executive,4,63472,8,4,No,1,1,0.622459331,04-11-25
46,Female,IT,Manager,2,115028,2,1,Yes,27,1,0.995929862,30-11-25
51,Female,Finance,Manager,1,91363,3,4,No,8,1,0.622459331,02-01-25
43,Male,Finance,Engineer,1,83095,15,1,Yes,17,1,0.98201379,07-06-25
33,Male,R&D,Executive,3,86314,13,2,Yes,21,1,0.98201379,12-09-25
42,Female,HR,Analyst,1,99151,19,1,No,3,1,0.92414182,21-06-25
54,Male,IT,Executive,1,87580,8,1,Yes,9,1,0.98201379,20-11-25
56,Male,Finance,Executive,1,106497,0,4,Yes,13,1,0.952574127,09-12-25
33,Male,HR,Manager,2,91853,14,3,Yes,9,1,0.880797078,27-05-25
47,Female,Finance,Executive,4,108668,7,1,No,19,1,0.92414182,07-02-25
41,Male,Finance,Engineer,1,98002,3,3,No,7,0,0.5,14-12-25
49,Female,HR,Analyst,4,107445,11,1,Yes,3,1,0.989013057,08-12-25
23,Male,Sales,Executive,4,37569,8,1,No,8,1,0.98201379,28-03-25
59,Female,Finance,Analyst,2,22261,17,1,Yes,29,1,0.998498818,25-09-25
27,Female,HR,Executive,2,24378,7,3,Yes,28,1,0.989013057,28-12-25
22,Female,Finance,Executive,1,95868,12,1,No,3,1,0.92414182,22-05-25
56,Male,HR,Manager,4,76044,19,4,No,17,0,0.5,21-05-25
59,Male,Sales,Executive,1,37709,16,2,Yes,8,1,0.997527377,12-02-25
41,Male,HR,Engineer,4,116038,16,4,Yes,10,1,0.880797078,29-12-25
30,Female,Sales,Engineer,4,90448,8,1,No,24,1,0.92414182,04-10-25
34,Female,IT,Manager,4,100650,13,3,Yes,11,1,0.92414182,29-11-25
22,Male,HR,Manager,4,81035,18,4,No,8,0,0.5,19-04-25
33,Female,HR,Engineer,1,88847,0,1,No,26,1,0.970687769,13-04-25
49,Female,IT,Analyst,2,101348,7,1,Yes,27,1,0.989013057,23-06-25
44,Female,Sales,Engineer,2,55820,14,3,Yes,17,1,0.92414182,24-06-25
41,Female,HR,Engineer,2,66737,1,4,Yes,1,1,0.970687769,07-05-25
57,Male,Sales,Manager,2,117938,14,4,No,8,0,0.5,25-03-25
54,Female,R&D,Manager,4,64409,18,3,No,9,1,0.622459331,15-09-25
50,Female,R&D,Executive,1,71649,18,3,No,13,1,0.622459331,23-09-25
35,Female,HR,Engineer,2,90194,8,1,Yes,7,1,0.989013057,28-01-25
24,Female,R&D,Manager,4,80058,1,1,Yes,6,1,0.995929862,16-12-25
23,Male,IT,Manager,1,48669,11,3,Yes,11,1,0.98201379,17-11-25
36,Male,Sales,Executive,2,58244,16,3,No,25,0,0.5,06-10-25
45,Female,R&D,Manager,1,27461,10,2,No,4,1,0.989013057,09-04-25
30,Female,IT,Executive,1,95749,11,2,Yes,3,1,0.989013057,14-07-25
49,Male,IT,Engineer,4,59758,8,3,No,23,0,0.5,26-12-25
32,Female,Sales,Analyst,4,67775,3,4,No,1,1,0.622459331,16-06-25
55,Male,Finance,Executive,4,60603,4,3,Yes,4,1,0.880797078,25-02-25
22,Male,Sales,Manager,1,104526,19,3,Yes,29,1,0.880797078,21-07-25
39,Female,HR,Executive,4,64014,10,1,Yes,17,1,0.989013057,21-10-25
26,Male,IT,Manager,4,20929,15,4,Yes,24,1,0.98201379,23-07-25
59,Female,IT,Manager,1,37438,3,1,Yes,13,1,0.998498818,21-11-25
51,Male,Sales,Engineer,4,39799,2,3,Yes,13,1,0.993307149,17-09-25
47,Male,R&D,Analyst,3,27597,10,4,No,27,1,0.880797078,22-08-25
27,Female,R&D,Engineer,3,73161,4,2,No,29,1,0.92414182,06-02-25
58,Male,HR,Engineer,3,47734,5,4,No,18,1,0.880797078,20-07-25
50,Female,Finance,Executive,1,40538,14,2,No,20,1,0.989013057,19-04-25
53,Female,HR,Executive,4,62261,3,1,Yes,5,1,0.989013057,01-11-25
34,Female,Sales,Executive,2,28556,18,3,No,10,1,0.92414182,20-12-25
53,Male,Sales,Engineer,1,76882,16,1,No,14,1,0.880797078,21-01-25
32,Female,Finance,Manager,3,95250,0,4,No,24,1,0.817574476,05-05-25
56,Male,R&D,Engineer,1,78478,1,3,No,4,1,0.731058579,30-09-25
56,Male,HR,Manager,4,77169,7,2,Yes,25,1,0.98201379,01-06-25
40,Female,IT,Manager,1,78342,7,4,No,5,1,0.622459331,25-05-25
58,Female,IT,Engineer,4,112021,18,3,No,27,1,0.622459331,27-04-25
55,Female,HR,Manager,3,46421,12,3,Yes,12,1,0.989013057,03-09-25
42,Female,HR,Analyst,2,75690,6,4,No,5,1,0.622459331,03-07-25
41,Male,HR,Executive,1,86093,11,2,Yes,17,1,0.98201379,27-05-25
47,Male,R&D,Manager,4,80011,11,4,Yes,6,1,0.880797078,02-07-25
57,Male,R&D,Engineer,2,78954,0,2,No,24,1,0.952574127,22-07-25
38,Female,R&D,Engineer,3,75220,13,3,Yes,18,1,0.92414182,02-04-25
25,Female,Finance,Engineer,3,118668,2,4,No,9,1,0.817574476,24-11-25
38,Female,R&D,Executive,1,82320,0,4,Yes,8,1,0.970687769,27-05-25
59,Male,R&D,Engineer,3,88026,4,1,Yes,15,1,0.98201379,08-07-25
52,Female,IT,Analyst,3,71919,17,4,Yes,22,1,0.92414182,15-12-25
43,Female,Finance,Analyst,3,56674,9,2,Yes,21,1,0.989013057,23-07-25
23,Male,R&D,Manager,1,72887,2,4,No,25,1,0.731058579,10-08-25
56,Male,Finance,Manager,3,30503,16,4,Yes,7,1,0.98201379,30-01-25
28,Male,Finance,Engineer,3,86624,3,1,No,5,1,0.880797078,01-01-25
36,Male,Finance,Executive,1,106156,7,4,Yes,5,1,0.880797078,07-07-25
30,Male,Finance,Executive,3,40131,2,2,No,8,1,0.993307149,23-01-25
30,Female,Finance,Manager,2,74189,13,4,No,4,1,0.622459331,24-12-25
32,Male,HR,Manager,3,44322,13,4,No,13,1,0.880797078,22-06-25
53,Female,Sales,Analyst,2,87628,18,3,Yes,6,1,0.92414182,16-01-25
23,Female,IT,Engineer,4,91312,1,2,No,28,1,0.970687769,24-05-25
59,Female,IT,Executive,4,66092,14,3,No,28,1,0.622459331,17-10-25
24,Male,R&D,Engineer,4,37622,13,4,No,23,1,0.880797078,27-01-25
50,Male,R&D,Executive,3,48454,0,1,Yes,9,1,0.999088949,07-06-25
34,Male,Sales,Engineer,1,81202,16,3,No,23,0,0.5,01-02-25
31,Female,IT,Executive,2,109571,7,2,No,20,1,0.92414182,28-05-25
53,Male,Finance,Executive,2,100909,17,4,No,14,0,0.5,22-02-25
45,Female,Sales,Engineer,3,66101,3,1,No,27,1,0.92414182,21-09-25
39,Female,Finance,Analyst,4,113814,13,2,Yes,18,1,0.989013057,05-09-25
55,Female,Finance,Executive,3,66154,8,4,Yes,17,1,0.92414182,20-03-25
52,Male,R&D,Analyst,1,109081,17,4,No,22,0,0.5,21-10-25
38,Female,R&D,Manager,3,82551,17,4,No,9,1,0.622459331,21-11-25
50,Female,Sales,Manager,4,39008,10,3,No,9,1,0.92414182,11-06-25
25,Male,IT,Analyst,4,36209,14,3,Yes,13,1,0.98201379,24-03-25
27,Female,IT,Manager,4,68695,11,3,No,5,1,0.622459331,05-07-25
44,Female,Sales,Analyst,2,82368,9,3,No,23,1,0.622459331,01-08-25
42,Female,IT,Analyst,3,35372,4,1,Yes,24,1,0.998498818,30-12-25
32,Female,HR,Manager,1,113635,14,1,No,9,1,0.92414182,21-01-25
41,Female,Finance,Executive,3,25842,11,1,Yes,10,1,0.998498818,11-04-25
49,Female,IT,Analyst,4,107592,2,3,No,16,1,0.817574476,26-05-25
35,Female,Sales,Manager,3,25355,8,4,Yes,7,1,0.989013057,13-01-25
39,Female,Sales,Manager,1,44972,3,3,Yes,2,1,0.989013057,16-01-25
30,Male,IT,Analyst,1,72389,10,2,No,24,1,0.880797078,10-04-25
44,Female,Sales,Analyst,1,103692,1,1,Yes,24,1,0.995929862,21-09-25
28,Male,Finance,Analyst,4,67377,2,4,Yes,6,1,0.952574127,29-05-25
49,Male,Sales,Manager,4,82261,0,4,Yes,21,1,0.952574127,09-09-25
56,Male,Sales,Analyst,1,93016,16,2,No,22,1,0.880797078,18-05-25
31,Female,R&D,Analyst,2,48172,4,2,No,24,1,0.989013057,15-09-25
43,Male,IT,Manager,1,59779,13,2,Yes,3,1,0.98201379,21-04-25
59,Male,IT,Engineer,1,56021,19,4,No,29,0,0.5,20-06-25
46,Female,HR,Executive,4,21401,5,1,Yes,20,1,0.998498818,29-04-25
49,Female,R&D,Manager,4,31950,16,4,Yes,28,1,0.989013057,05-07-25
33,Male,HR,Engineer,3,52245,9,3,Yes,15,1,0.880797078,10-08-25
55,Female,HR,Analyst,1,101029,6,4,No,21,1,0.622459331,02-06-25
54,Male,Sales,Executive,3,89561,6,4,No,25,0,0.5,06-05-25
33,Male,Finance,Analyst,4,53487,10,1,Yes,4,1,0.98201379,15-05-25
57,Male,IT,Analyst,3,73554,8,4,No,11,0,0.5,21-09-25
54,Male,R&D,Executive,3,67832,7,1,Yes,22,1,0.98201379,28-02-25
25,Female,Finance,Executive,4,110306,8,1,No,2,1,0.92414182,14-08-25
49,Female,Finance,Analyst,1,53870,11,2,No,4,1,0.92414182,31-03-25
30,Male,R&D,Engineer,3,31908,19,2,Yes,11,1,0.997527377,23-05-25
53,Female,Finance,Engineer,4,69429,8,1,Yes,27,1,0.989013057,31-03-25
28,Male,R&D,Engineer,2,97240,9,3,Yes,13,1,0.880797078,05-12-25
32,Male,Finance,Executive,1,75751,7,4,Yes,15,1,0.880797078,17-12-25
49,Male,Finance,Manager,3,94218,0,1,Yes,15,1,0.993307149,21-02-25
59,Female,IT,Engineer,4,43989,14,3,No,9,1,0.92414182,23-06-25
47,Male,Sales,Analyst,1,36241,4,4,Yes,20,1,0.98201379,27-12-25
32,Male,Sales,Analyst,4,96721,5,3,Yes,2,1,0.880797078,15-01-25
53,Male,R&D,Engineer,1,41625,13,1,Yes,6,1,0.997527377,21-10-25
43,Male,IT,Analyst,2,59121,13,2,No,14,1,0.880797078,11-08-25
51,Male,Finance,Engineer,3,57853,5,1,No,8,1,0.880797078,23-08-25
54,Male,Finance,Executive,1,113935,10,1,Yes,18,1,0.98201379,11-01-25
52,Female,Sales,Manager,4,48328,15,4,Yes,3,1,0.989013057,09-09-25
47,Male,HR,Analyst,2,109080,11,3,No,5,0,0.5,30-03-25
39,Male,HR,Engineer,3,58870,5,2,No,18,1,0.880797078,03-06-25
27,Male,IT,Engineer,4,86155,18,1,Yes,27,1,0.98201379,05-05-25
55,Male,IT,Manager,1,114826,10,1,Yes,16,1,0.98201379,04-09-25
29,Male,HR,Executive,1,38793,7,2,No,4,1,0.98201379,04-04-25
22,Female,Sales,Analyst,3,41542,16,3,No,20,1,0.92414182,29-03-25
43,Female,R&D,Analyst,1,47691,8,1,No,10,1,0.989013057,05-02-25
58,Female,IT,Manager,4,89119,9,3,No,11,1,0.622459331,04-08-25
23,Male,R&D,Analyst,3,63463,15,3,No,22,0,0.5,11-04-25
48,Female,Finance,Executive,1,105867,12,1,No,10,1,0.92414182,16-08-25
30,Male,IT,Executive,2,60695,1,3,No,1,1,0.731058579,09-06-25
46,Male,IT,Executive,1,73574,16,3,Yes,20,1,0.880797078,27-04-25
51,Male,R&D,Executive,3,23696,6,3,No,26,1,0.880797078,25-07-25
38,Male,IT,Analyst,2,65740,19,1,No,20,1,0.880797078,30-06-25
48,Male,IT,Manager,2,83811,0,2,No,1,1,0.952574127,27-02-25
47,Male,Finance,Manager,1,50099,19,3,No,10,0,0.5,11-11-25
32,Female,Sales,Manager,1,106120,4,2,No,1,1,0.92414182,05-10-25
55,Male,Finance,Manager,4,54540,8,1,No,4,1,0.880797078,16-07-25
32,Male,Sales,Manager,4,66002,2,4,Yes,26,1,0.952574127,19-04-25
28,Male,IT,Engineer,3,62998,6,2,Yes,8,1,0.98201379,13-05-25
42,Male,HR,Executive,2,22179,9,4,Yes,15,1,0.98201379,30-08-25
50,Female,Finance,Engineer,4,59464,15,3,No,16,1,0.622459331,13-04-25
49,Female,IT,Executive,2,113688,3,2,No,15,1,0.92414182,14-07-25
45,Male,Sales,Executive,3,65095,3,2,No,29,1,0.880797078,24-01-25
45,Female,IT,Engineer,2,104995,2,2,Yes,25,1,0.995929862,30-06-25
44,Female,R&D,Executive,1,36964,8,1,No,29,1,0.989013057,06-09-25
27,Male,IT,Engineer,1,81240,9,4,No,7,0,0.5,13-04-25
59,Female,IT,Executive,1,97116,19,3,No,19,1,0.622459331,08-12-25
25,Male,IT,Executive,4,105029,18,3,Yes,4,1,0.880797078,27-08-25
26,Female,IT,Engineer,1,113526,17,2,Yes,5,1,0.989013057,25-01-25
48,Female,HR,Executive,3,36589,15,3,No,15,1,0.92414182,16-08-25
37,Male,Sales,Executive,4,25141,7,1,No,16,1,0.98201379,28-02-25
52,Male,IT,Manager,2,23273,1,3,No,9,1,0.952574127,19-05-25
53,Male,R&D,Executive,2,47128,16,4,Yes,16,1,0.98201379,21-04-25
46,Male,R&D,Manager,3,31156,4,2,No,17,1,0.98201379,17-11-25
46,Female,IT,Manager,3,97603,16,1,No,24,1,0.92414182,13-07-25
36,Female,Sales,Manager,4,87450,5,1,No,15,1,0.92414182,16-06-25
38,Female,HR,Analyst,2,33050,8,1,Yes,9,1,0.998498818,21-05-25
27,Male,Finance,Analyst,2,86899,19,1,Yes,3,1,0.98201379,03-12-25
33,Male,R&D,Analyst,4,20174,12,3,Yes,1,1,0.98201379,03-12-25
24,Male,Sales,Manager,2,64814,3,4,Yes,4,1,0.880797078,05-12-25
56,Female,HR,Manager,4,24173,0,2,No,2,1,0.995929862,08-07-25
25,Male,IT,Manager,4,47962,18,2,Yes,25,1,0.997527377,17-06-25
40,Female,Sales,Manager,1,38624,4,3,No,16,1,0.92414182,13-01-25
56,Male,R&D,Analyst,3,55531,15,3,No,11,0,0.5,30-03-25
41,Male,R&D,Engineer,3,36835,11,3,Yes,2,1,0.98201379,22-01-25
58,Male,IT,Executive,4,63526,13,4,No,23,0,0.5,24-04-25
37,Male,Sales,Executive,3,106610,18,2,No,20,1,0.880797078,24-11-25
54,Female,Sales,Manager,1,107051,10,1,Yes,27,1,0.989013057,20-05-25
38,Male,R&D,Engineer,2,39552,4,1,Yes,28,1,0.997527377,30-11-25
26,Female,Sales,Manager,2,20887,0,2,Yes,18,1,0.999447221,19-01-25
43,Male,R&D,Analyst,1,46049,14,3,No,4,1,0.880797078,16-10-25
34,Male,Sales,Engineer,4,23765,6,3,No,23,1,0.880797078,14-01-25
44,Male,HR,Executive,3,110239,19,1,Yes,24,1,0.98201379,04-12-25
31,Female,R&D,Engineer,1,114776,7,2,Yes,29,1,0.989013057,21-07-25
38,Male,Sales,Analyst,2,36901,4,4,No,9,1,0.880797078,23-03-25
47,Female,IT,Engineer,4,34256,16,4,No,7,1,0.92414182,23-09-25
55,Male,HR,Analyst,1,99650,15,2,Yes,28,1,0.98201379,07-10-25
31,Male,R&D,Manager,2,24117,10,3,Yes,7,1,0.98201379,07-08-25
50,Male,Finance,Engineer,3,50949,19,3,No,9,0,0.5,28-05-25
40,Male,Finance,Analyst,4,46990,1,2,Yes,21,1,0.999088949,17-10-25
43,Male,R&D,Manager,3,54510,9,1,Yes,1,1,0.98201379,18-12-25
27,Female,HR,Engineer,1,56963,1,1,Yes,4,1,0.995929862,06-03-25
40,Male,R&D,Analyst,2,99832,9,1,No,15,1,0.880797078,11-11-25
43,Female,HR,Analyst,3,119575,3,2,No,25,1,0.92414182,11-10-25
22,Male,IT,Engineer,1,62051,6,1,No,9,1,0.880797078,13-06-25
40,Female,IT,Manager,1,97219,8,1,No,14,1,0.92414182,16-04-25
53,Male,Finance,Engineer,4,50981,15,2,No,17,1,0.880797078,26-11-25
48,Female,HR,Manager,2,98513,2,4,No,27,1,0.817574476,07-12-25
46,Female,HR,Engineer,4,114574,14,4,No,29,1,0.622459331,14-03-25
48,Female,R&D,Engineer,2,88498,16,3,No,25,1,0.622459331,10-02-25
41,Female,Finance,Engineer,1,113863,6,1,Yes,21,1,0.989013057,31-05-25
53,Male,Finance,Executive,4,74318,0,1,No,14,1,0.952574127,10-03-25
55,Female,R&D,Manager,4,30442,17,3,No,26,1,0.92414182,10-06-25
32,Male,R&D,Engineer,4,32625,15,3,No,10,1,0.880797078,04-12-25
59,Female,R&D,Executive,3,89906,3,3,No,13,1,0.622459331,23-06-25
24,Female,Sales,Engineer,2,20869,0,3,No,24,1,0.970687769,01-04-25
29,Male,IT,Manager,3,110605,9,1,Yes,9,1,0.98201379,17-04-25
46,Female,Sales,Executive,3,105947,0,2,No,5,1,0.970687769,17-05-25
39,Male,R&D,Analyst,4,105178,1,1,No,26,1,0.952574127,29-12-25
59,Male,HR,Analyst,2,69831,3,2,No,28,1,0.880797078,17-04-25
58,Female,Sales,Analyst,3,67195,17,2,Yes,22,1,0.989013057,19-05-25
34,Female,R&D,Manager,4,117493,6,1,Yes,11,1,0.989013057,06-11-25
45,Male,Sales,Engineer,4,51707,14,1,No,23,1,0.880797078,03-01-25
35,Male,R&D,Engineer,2,115985,0,2,Yes,6,1,0.993307149,07-12-25
50,Female,Finance,Executive,1,55529,17,3,Yes,3,1,0.92414182,19-04-25
41,Female,IT,Engineer,3,102722,3,1,No,1,1,0.92414182,15-07-25
33,Female,R&D,Manager,4,55098,9,3,Yes,25,1,0.92414182,04-10-25
45,Male,R&D,Engineer,1,115980,13,4,No,23,0,0.5,18-12-25
26,Male,IT,Manager,4,82061,9,1,Yes,10,1,0.98201379,10-11-25
37,Female,Sales,Analyst,1,43408,8,2,No,19,1,0.989013057,19-04-25
56,Female,Sales,Executive,3,86197,8,2,Yes,5,1,0.989013057,28-03-25
38,Male,IT,Manager,4,110063,2,2,Yes,25,1,0.993307149,02-08-25
30,Male,Finance,Engineer,1,113422,4,3,Yes,13,1,0.880797078,09-06-25
44,Female,R&D,Engineer,1,25520,7,1,No,2,1,0.989013057,14-05-25
39,Female,Sales,Executive,2,90293,0,2,Yes,17,1,0.995929862,06-05-25
53,Female,Sales,Analyst,2,61458,13,2,Yes,10,1,0.989013057,25-04-25
57,Female,HR,Engineer,2,66313,10,2,Yes,7,1,0.989013057,04-09-25
40,Male,IT,Manager,2,64942,7,3,Yes,29,1,0.880797078,17-05-25
54,Female,R&D,Analyst,2,56320,18,3,Yes,10,1,0.92414182,24-06-25
22,Female,R&D,Executive,1,111057,1,3,Yes,13,1,0.970687769,03-09-25
22,Male,Sales,Executive,2,89724,15,3,No,13,0,0.5,17-02-25
50,Male,Sales,Manager,3,104607,16,3,No,13,0,0.5,21-11-25
47,Male,Sales,Analyst,1,35810,6,2,No,17,1,0.98201379,13-04-25
22,Male,HR,Manager,1,56413,16,3,Yes,25,1,0.880797078,08-09-25
24,Female,IT,Analyst,3,56468,10,4,No,26,1,0.622459331,24-05-25
46,Female,Sales,Engineer,2,62056,0,1,No,25,1,0.970687769,27-03-25
37,Male,IT,Manager,1,96274,11,3,Yes,22,1,0.880797078,21-08-25
28,Female,Sales,Manager,2,31676,18,3,Yes,2,1,0.989013057,28-09-25
24,Male,R&D,Executive,3,89300,13,2,No,25,1,0.880797078,20-08-25
39,Male,Sales,Executive,3,71759,1,4,Yes,8,1,0.952574127,22-01-25
27,Male,Sales,Analyst,4,112910,7,4,No,15,0,0.5,08-08-25
39,Female,R&D,Manager,2,26476,12,2,Yes,15,1,0.998498818,20-01-25
50,Female,R&D,Analyst,3,111881,2,3,No,3,1,0.817574476,01-07-25
35,Male,Sales,Manager,4,65095,3,3,No,28,0,0.5,27-11-25
52,Female,R&D,Executive,3,28026,10,2,Yes,17,1,0.998498818,14-12-25
52,Female,R&D,Analyst,4,37889,14,4,No,25,1,0.92414182,16-05-25
30,Female,IT,Manager,2,54660,15,1,Yes,7,1,0.989013057,10-11-25
38,Female,HR,Analyst,3,83972,18,4,No,12,1,0.622459331,29-01-25
28,Female,R&D,Executive,4,55710,5,1,Yes,26,1,0.989013057,03-08-25
52,Male,Sales,Executive,3,101471,3,2,Yes,5,1,0.98201379,02-09-25
43,Female,Finance,Engineer,2,76233,11,2,Yes,29,1,0.989013057,26-09-25
32,Female,HR,Executive,2,71727,7,4,No,27,1,0.622459331,09-11-25
23,Female,HR,Executive,2,96509,11,2,Yes,12,1,0.989013057,26-07-25
37,Female,R&D,Manager,1,72953,1,2,No,12,1,0.970687769,12-12-25
44,Female,Finance,Executive,2,27485,16,4,No,6,1,0.92414182,27-08-25
24,Male,HR,Manager,2,32226,0,2,No,13,1,0.993307149,05-06-25
42,Male,R&D,Manager,2,85133,12,3,Yes,4,1,0.880797078,05-10-25
31,Male,R&D,Executive,3,119534,3,4,No,23,0,0.5,22-11-25
45,Female,Sales,Analyst,4,69145,4,4,No,12,1,0.622459331,10-06-25
49,Female,HR,Manager,4,110880,4,3,Yes,22,1,0.92414182,11-03-25
42,Female,IT,Manager,4,101570,14,1,No,28,1,0.92414182,30-04-25
27,Male,HR,Analyst,1,22103,13,3,Yes,24,1,0.98201379,20-08-25
50,Male,Sales,Engineer,3,32391,12,2,Yes,18,1,0.997527377,15-09-25
29,Female,IT,Manager,3,70357,5,4,No,27,1,0.622459331,03-10-25
33,Female,IT,Analyst,3,53724,9,3,Yes,13,1,0.92414182,13-12-25
56,Male,R&D,Manager,3,48302,15,1,No,13,1,0.98201379,18-10-25
32,Male,HR,Executive,3,90130,10,2,Yes,28,1,0.98201379,31-10-25
56,Female,Finance,Manager,2,52933,13,4,No,18,1,0.622459331,22-12-25
53,Male,HR,Executive,3,116462,10,2,Yes,3,1,0.98201379,03-01-25
37,Male,R&D,Engineer,1,118132,9,3,Yes,25,1,0.880797078,09-03-25
50,Male,IT,Analyst,3,28210,10,2,No,10,1,0.98201379,02-03-25
46,Female,R&D,Engineer,4,104178,10,2,No,2,1,0.92414182,02-07-25
49,Male,IT,Manager,1,88798,4,3,Yes,21,1,0.880797078,25-09-25
25,Male,Sales,Manager,2,25232,9,4,Yes,6,1,0.98201379,14-01-25
32,Female,HR,Executive,4,114090,17,3,No,23,1,0.622459331,01-07-25
39,Female,IT,Analyst,4,67574,10,1,No,12,1,0.92414182,13-05-25
44,Female,IT,Manager,1,20570,8,2,No,10,1,0.989013057,05-12-25
22,Female,IT,Engineer,4,92518,3,1,No,15,1,0.92414182,14-04-25
33,Female,IT,Manager,2,29941,17,3,No,17,1,0.92414182,03-04-25
35,Male,IT,Manager,2,64435,17,4,No,1,0,0.5,28-02-25
36,Male,R&D,Executive,4,54087,19,2,Yes,6,1,0.98201379,11-05-25
49,Female,HR,Engineer,4,77433,12,1,Yes,2,1,0.989013057,20-10-25
59,Male,Sales,Manager,2,73027,10,4,No,12,0,0.5,26-10-25
43,Female,Finance,Analyst,4,43559,7,2,Yes,17,1,0.998498818,08-05-25
41,Female,Sales,Analyst,4,59350,15,2,No,11,1,0.92414182,07-01-25
37,Female,R&D,Engineer,1,111066,14,4,No,16,1,0.622459331,04-06-25
44,Male,IT,Engineer,4,23327,8,3,Yes,19,1,0.98201379,31-07-25
58,Female,Finance,Engineer,2,102384,14,3,No,23,1,0.622459331,09-11-25
29,Male,Sales,Engineer,3,47230,13,4,No,28,1,0.880797078,19-08-25
33,Female,Sales,Analyst,1,55903,9,2,No,29,1,0.92414182,11-01-25
55,Female,Finance,Engineer,2,103014,11,2,No,2,1,0.92414182,08-09-25
41,Female,R&D,Executive,2,52101,9,4,No,20,1,0.622459331,28-09-25
58,Male,IT,Analyst,4,77124,7,4,Yes,8,1,0.880797078,24-08-25
44,Male,Finance,Manager,4,110221,7,1,No,24,1,0.880797078,01-03-25
31,Female,Sales,Analyst,3,35408,3,1,No,13,1,0.989013057,05-02-25
58,Female,HR,Manager,2,31349,3,3,No,18,1,0.92414182,15-06-25
45,Male,IT,Engineer,3,35735,1,3,No,23,1,0.952574127,11-01-25
49,Male,Finance,Engineer,2,30335,4,4,Yes,6,1,0.98201379,23-09-25
45,Female,R&D,Engineer,3,105103,16,1,Yes,23,1,0.989013057,11-08-25
52,Female,R&D,Executive,2,50134,9,1,Yes,24,1,0.989013057,14-08-25
30,Female,Sales,Engineer,2,90744,15,2,Yes,19,1,0.989013057,16-04-25
36,Female,IT,Analyst,3,78870,6,1,Yes,17,1,0.989013057,01-02-25
30,Male,R&D,Engineer,4,51379,17,1,No,16,1,0.880797078,20-07-25
33,Male,IT,Engineer,4,37618,6,1,No,3,1,0.98201379,17-02-25
39,Female,IT,Engineer,4,91094,6,4,Yes,27,1,0.92414182,11-12-25
53,Male,Finance,Manager,2,55303,12,1,Yes,17,1,0.98201379,17-08-25
27,Female,HR,Manager,3,33900,13,3,No,22,1,0.92414182,12-05-25
29,Male,R&D,Engineer,1,87231,5,3,No,6,0,0.5,30-04-25
49,Female,Sales,Manager,1,95485,2,4,Yes,3,1,0.970687769,25-08-25
55,Male,R&D,Manager,4,28597,5,4,No,23,1,0.880797078,13-03-25
27,Female,Finance,Engineer,2,111679,2,2,No,3,1,0.970687769,13-09-25
33,Female,HR,Analyst,1,29018,4,2,Yes,20,1,0.998498818,11-12-25
52,Female,Sales,Manager,2,96537,19,3,Yes,22,1,0.92414182,13-01-25
41,Male,Finance,Manager,4,112876,16,2,Yes,4,1,0.98201379,30-09-25
45,Male,R&D,Executive,2,91386,12,3,Yes,14,1,0.880797078,24-11-25
29,Male,Sales,Analyst,3,97273,14,3,Yes,13,1,0.880797078,17-08-25
49,Female,HR,Engineer,1,38108,15,3,Yes,2,1,0.989013057,03-09-25
39,Male,HR,Executive,3,94640,6,1,Yes,18,1,0.98201379,09-08-25
51,Male,Sales,Analyst,2,115402,15,3,No,17,0,0.5,26-04-25
36,Male,IT,Analyst,1,51923,9,4,No,21,0,0.5,29-06-25
51,Female,IT,Executive,1,87384,19,1,Yes,22,1,0.989013057,01-01-25
56,Male,Sales,Executive,3,33409,15,1,Yes,15,1,0.997527377,20-05-25
54,Male,R&D,Engineer,1,109037,7,4,No,27,0,0.5,09-07-25
33,Female,IT,Analyst,1,116362,7,2,Yes,19,1,0.989013057,19-05-25
52,Female,Finance,Manager,1,95476,7,3,Yes,24,1,0.92414182,08-12-25
59,Male,Finance,Engineer,1,45068,18,2,No,8,1,0.98201379,21-08-25
56,Male,Finance,Manager,3,112298,16,1,No,19,1,0.880797078,04-03-25
40,Male,HR,Engineer,3,30234,16,2,Yes,19,1,0.997527377,03-07-25
59,Female,Sales,Analyst,4,95301,4,3,Yes,20,1,0.92414182,09-03-25
43,Female,Finance,Manager,2,97475,12,4,Yes,26,1,0.92414182,15-10-25
38,Male,R&D,Analyst,1,119555,13,3,No,26,0,0.5,09-09-25
56,Female,R&D,Executive,2,109959,0,2,Yes,18,1,0.995929862,31-10-25
54,Male,R&D,Analyst,3,75755,7,4,No,16,0,0.5,17-05-25
37,Male,IT,Executive,4,23358,13,1,No,25,1,0.98201379,17-10-25
24,Male,R&D,Executive,2,113079,9,1,Yes,26,1,0.98201379,26-12-25
31,Male,Finance,Analyst,3,28002,4,3,No,26,1,0.880797078,10-10-25
37,Female,Finance,Manager,1,69422,2,4,Yes,9,1,0.970687769,30-06-25
47,Male,IT,Analyst,3,26305,17,4,No,12,1,0.880797078,12-05-25
44,Male,HR,Engineer,4,87766,15,1,Yes,22,1,0.98201379,30-03-25
23,Female,Sales,Engineer,2,40354,19,1,Yes,20,1,0.998498818,02-08-25
42,Female,IT,Analyst,2,54812,0,4,Yes,6,1,0.970687769,10-09-25
36,Male,Sales,Engineer,2,85785,13,4,No,15,0,0.5,29-10-25
46,Male,Finance,Manager,1,94711,4,2,Yes,17,1,0.98201379,29-12-25
44,Male,Sales,Manager,4,45105,2,2,Yes,8,1,0.999088949,31-05-25
24,Male,R&D,Analyst,4,76561,9,1,No,20,1,0.880797078,19-07-25
32,Female,R&D,Analyst,1,106207,4,2,Yes,13,1,0.989013057,30-06-25
58,Male,IT,Manager,4,40922,12,2,Yes,29,1,0.997527377,16-07-25
30,Female,IT,Manager,3,115745,0,4,Yes,28,1,0.970687769,03-11-25
51,Female,IT,Engineer,3,38395,11,4,No,7,1,0.92414182,31-03-25
34,Male,Finance,Engineer,3,116199,8,3,Yes,26,1,0.880797078,03-07-25
55,Female,IT,Analyst,3,59454,19,1,Yes,12,1,0.989013057,05-10-25
58,Male,IT,Executive,3,38816,0,1,No,10,1,0.993307149,01-07-25
42,Female,IT,Engineer,3,94960,5,3,Yes,13,1,0.92414182,27-07-25
29,Female,R&D,Engineer,2,105678,16,1,Yes,22,1,0.989013057,31-03-25
34,Male,HR,Engineer,1,98672,15,2,No,13,1,0.880797078,19-09-25
56,Female,R&D,Executive,2,62222,7,1,No,15,1,0.92414182,06-11-25
48,Female,Sales,Manager,1,95504,2,4,No,6,1,0.817574476,16-07-25
43,Male,Sales,Analyst,2,85942,1,2,No,15,1,0.952574127,05-01-25
47,Female,IT,Engineer,4,90021,5,3,Yes,18,1,0.92414182,26-05-25
25,Male,IT,Engineer,1,25368,13,2,No,13,1,0.98201379,13-02-25
36,Male,R&D,Analyst,3,73822,10,3,No,12,0,0.5,03-12-25
56,Female,IT,Analyst,3,38323,3,3,No,26,1,0.92414182,13-02-25
45,Male,Finance,Analyst,1,42908,16,3,Yes,11,1,0.98201379,19-02-25
22,Female,HR,Executive,3,57663,3,1,No,6,1,0.92414182,10-11-25
35,Male,IT,Executive,1,59791,14,3,No,4,0,0.5,23-10-25
37,Female,HR,Engineer,4,116143,3,1,No,26,1,0.92414182,11-10-25
53,Female,Sales,Manager,1,25313,2,2,Yes,8,1,0.999447221,07-10-25
36,Male,R&D,Engineer,3,79550,8,3,Yes,13,1,0.880797078,21-09-25
28,Male,IT,Engineer,4,78219,18,3,Yes,10,1,0.880797078,05-05-25
37,Male,IT,Analyst,3,39229,9,2,Yes,18,1,0.997527377,16-07-25
50,Female,Finance,Analyst,3,108635,1,3,No,13,1,0.817574476,31-05-25
26,Female,IT,Executive,2,77221,13,4,No,4,1,0.622459331,03-04-25
44,Male,IT,Executive,2,61247,9,2,No,15,1,0.880797078,06-04-25
30,Female,IT,Executive,1,29417,19,2,Yes,16,1,0.998498818,19-11-25
32,Female,IT,Executive,3,115632,3,3,No,4,1,0.622459331,03-12-25
40,Male,Finance,Executive,1,79807,5,3,Yes,22,1,0.880797078,12-07-25
41,Male,Sales,Manager,2,34191,10,1,Yes,27,1,0.997527377,03-01-25
30,Female,HR,Manager,4,22123,13,1,No,18,1,0.989013057,23-04-25
30,Male,Sales,Analyst,3,98537,18,1,No,15,1,0.880797078,10-03-25
44,Male,IT,Analyst,2,83768,1,1,No,24,1,0.952574127,25-01-25
31,Male,Sales,Analyst,2,105481,13,2,Yes,23,1,0.98201379,07-05-25
46,Male,IT,Analyst,2,97154,19,4,No,2,0,0.5,23-09-25
56,Female,Finance,Executive,3,70772,12,3,No,23,1,0.622459331,28-07-25
23,Female,R&D,Manager,4,67224,9,2,No,22,1,0.92414182,27-11-25
37,Female,Sales,Manager,1,75026,17,3,No,21,1,0.622459331,06-07-25
47,Female,Finance,Executive,4,67365,11,3,Yes,15,1,0.92414182,27-08-25
33,Female,Finance,Manager,4,62316,3,3,No,22,1,0.622459331,10-05-25
47,Male,Sales,Analyst,3,24686,7,3,No,15,1,0.880797078,04-03-25
33,Female,IT,Executive,1,48202,16,3,No,29,1,0.92414182,19-10-25
42,Female,Finance,Executive,4,58724,15,4,No,28,1,0.622459331,28-04-25
50,Female,Finance,Engineer,3,114283,4,2,No,23,1,0.92414182,27-09-25
31,Female,Finance,Analyst,3,72347,4,1,No,3,1,0.92414182,16-08-25
40,Male,IT,Executive,1,41097,4,3,Yes,23,1,0.98201379,12-10-25
41,Male,IT,Engineer,1,90469,3,2,No,22,1,0.880797078,12-08-25
37,Female,R&D,Manager,2,59876,3,2,No,13,1,0.92414182,02-10-25
44,Male,HR,Manager,2,84140,10,2,Yes,22,1,0.98201379,09-08-25
57,Female,Sales,Engineer,2,20691,19,3,No,4,1,0.92414182,25-11-25
40,Male,R&D,Executive,2,116837,19,3,Yes,15,1,0.880797078,28-05-25
30,Female,Sales,Engineer,4,61347,17,2,No,5,1,0.92414182,09-12-25
32,Female,Sales,Executive,1,118581,3,1,No,12,1,0.92414182,17-10-25
34,Female,Sales,Manager,2,59560,9,3,No,7,1,0.622459331,09-03-25
40,Female,HR,Manager,2,97986,18,3,Yes,21,1,0.92414182,15-10-25
23,Male,HR,Analyst,3,21161,1,2,Yes,28,1,0.999088949,30-09-25
53,Male,HR,Analyst,4,109389,6,1,No,11,1,0.880797078,29-03-25
22,Male,Finance,Engineer,3,53654,3,3,Yes,26,1,0.880797078,02-11-25
33,Female,R&D,Engineer,3,31984,0,3,No,28,1,0.970687769,17-11-25
49,Female,IT,Analyst,1,75913,6,2,No,10,1,0.92414182,07-10-25
25,Female,R&D,Analyst,4,30770,10,4,No,18,1,0.92414182,20-06-25
32,Male,HR,Executive,1,60130,11,3,Yes,10,1,0.880797078,10-10-25
23,Female,IT,Executive,1,49327,1,4,Yes,22,1,0.995929862,30-01-25
41,Female,R&D,Executive,2,82559,9,4,No,10,1,0.622459331,23-10-25
54,Male,Finance,Engineer,1,53783,8,2,Yes,10,1,0.98201379,30-10-25
58,Female,R&D,Analyst,2,117999,12,2,Yes,25,1,0.989013057,30-08-25
48,Male,Sales,Manager,1,114543,1,4,No,26,1,0.731058579,30-03-25
23,Female,IT,Analyst,4,25543,8,4,No,26,1,0.92414182,20-07-25
31,Female,HR,Executive,4,89345,15,4,No,7,1,0.622459331,01-03-25
23,Male,R&D,Engineer,1,101531,3,4,No,22,0,0.5,08-06-25
35,Male,IT,Engineer,2,27452,14,4,Yes,5,1,0.98201379,05-06-25
41,Female,R&D,Engineer,1,36663,9,2,No,14,1,0.989013057,23-12-25
39,Male,IT,Engineer,4,89517,1,4,Yes,26,1,0.952574127,28-11-25
43,Male,IT,Manager,4,25573,3,1,No,4,1,0.98201379,22-01-25
35,Male,IT,Manager,3,96623,3,4,Yes,25,1,0.880797078,06-04-25
54,Male,Sales,Engineer,1,48835,19,2,Yes,6,1,0.997527377,14-07-25
44,Female,IT,Executive,4,93580,15,3,No,5,1,0.622459331,29-05-25
35,Female,HR,Engineer,3,54782,13,2,Yes,12,1,0.989013057,03-12-25
44,Female,HR,Executive,2,104284,6,2,No,15,1,0.92414182,13-02-25
38,Female,Finance,Analyst,1,50005,14,4,Yes,2,1,0.92414182,18-09-25
48,Female,Finance,Executive,4,43382,7,4,No,27,1,0.92414182,25-07-25
36,Male,IT,Engineer,3,20864,2,1,No,28,1,0.993307149,24-03-25
44,Female,HR,Analyst,4,86471,12,3,No,20,1,0.622459331,18-10-25
26,Female,R&D,Engineer,1,68924,5,3,No,25,1,0.622459331,05-04-25
43,Female,Finance,Engineer,2,99788,4,4,No,27,1,0.622459331,30-03-25
29,Male,Finance,Analyst,3,45216,19,4,No,23,1,0.880797078,06-04-25
32,Male,R&D,Manager,3,24078,10,1,No,22,1,0.98201379,06-08-25
37,Male,Finance,Engineer,3,113715,13,3,Yes,1,1,0.880797078,27-02-25
22,Female,HR,Analyst,1,114913,19,2,No,8,1,0.92414182,29-01-25
54,Female,R&D,Manager,3,67291,2,1,No,27,1,0.970687769,30-12-25
33,Female,IT,Analyst,4,103564,19,1,No,7,1,0.92414182,17-09-25
40,Male,HR,Manager,2,27130,12,3,No,13,1,0.880797078,07-07-25
43,Female,HR,Engineer,4,63059,14,1,No,13,1,0.92414182,08-12-25
40,Female,R&D,Manager,4,22035,7,2,No,26,1,0.989013057,28-08-25
47,Male,Sales,Executive,3,118602,12,4,No,9,0,0.5,20-01-25
40,Female,IT,Engineer,4,83014,18,4,Yes,15,1,0.92414182,24-09-25
47,Male,Sales,Executive,2,101418,5,2,Yes,11,1,0.98201379,02-10-25
27,Female,IT,Executive,2,24837,16,2,No,28,1,0.989013057,06-03-25
56,Male,HR,Analyst,4,32615,19,2,Yes,15,1,0.997527377,20-09-25
32,Female,Sales,Engineer,3,80739,11,2,No,6,1,0.92414182,20-05-25
58,Male,IT,Engineer,2,53367,15,1,No,13,1,0.880797078,30-03-25
25,Male,Finance,Analyst,3,58367,16,3,No,14,0,0.5,02-05-25
32,Female,R&D,Executive,4,50133,8,3,No,13,1,0.622459331,06-10-25
49,Female,HR,Executive,3,116622,18,1,Yes,4,1,0.989013057,27-09-25
35,Female,Sales,Engineer,3,110909,16,3,Yes,16,1,0.92414182,26-08-25
51,Male,HR,Executive,4,55932,12,3,No,14,0,0.5,05-08-25
59,Male,Finance,Executive,2,115790,19,2,No,6,1,0.880797078,16-11-25
44,Female,HR,Manager,1,76809,6,2,No,17,1,0.92414182,29-07-25
31,Female,Finance,Engineer,2,103384,6,4,No,29,1,0.622459331,02-11-25
59,Male,IT,Executive,3,65875,0,1,No,12,1,0.952574127,07-07-25
55,Female,R&D,Executive,4,111024,3,3,Yes,22,1,0.92414182,06-08-25
25,Male,HR,Executive,1,30310,17,1,Yes,29,1,0.997527377,18-10-25
29,Male,HR,Manager,1,102839,18,4,Yes,18,1,0.880797078,01-09-25
48,Female,Sales,Analyst,4,81816,17,4,Yes,28,1,0.92414182,16-01-25
56,Female,Sales,Analyst,3,36122,3,1,Yes,17,1,0.998498818,08-02-25
47,Male,R&D,Engineer,4,84550,8,4,No,22,0,0.5,22-07-25
23,Male,Sales,Engineer,4,91947,3,2,Yes,26,1,0.98201379,30-06-25
28,Female,Sales,Engineer,1,93984,12,2,Yes,6,1,0.989013057,13-02-25
29,Male,Finance,Manager,4,44594,4,2,Yes,5,1,0.997527377,30-01-25
54,Female,Finance,Analyst,2,76548,11,2,No,27,1,0.92414182,03-09-25
42,Female,IT,Executive,4,46140,0,3,No,21,1,0.970687769,28-09-25
23,Female,Sales,Manager,4,25606,11,2,Yes,18,1,0.998498818,16-09-25
28,Male,HR,Manager,3,68849,11,2,No,5,1,0.880797078,05-07-25
54,Female,Finance,Executive,4,118234,10,4,Yes,27,1,0.92414182,29-07-25
25,Female,HR,Analyst,1,49793,1,4,Yes,6,1,0.995929862,25-01-25
42,Female,IT,Executive,3,107902,13,3,No,28,1,0.622459331,12-08-25
49,Male,Finance,Engineer,3,62614,16,1,Yes,26,1,0.98201379,30-05-25
53,Female,R&D,Analyst,1,104694,4,2,No,21,1,0.92414182,26-11-25
36,Male,Sales,Engineer,3,20924,14,3,Yes,19,1,0.98201379,23-09-25
49,Female,Finance,Engineer,1,100846,2,2,Yes,12,1,0.995929862,21-04-25
59,Male,R&D,Executive,1,117628,18,3,No,8,0,0.5,08-01-25
41,Male,HR,Manager,3,107939,18,1,Yes,3,1,0.98201379,14-02-25
29,Female,R&D,Manager,3,31279,12,3,No,16,1,0.92414182,09-01-25
35,Male,HR,Analyst,1,85524,6,3,No,7,0,0.5,12-04-25
55,Male,IT,Analyst,1,64439,16,1,No,12,1,0.880797078,01-01-25
31,Female,HR,Engineer,3,70383,13,4,Yes,24,1,0.92414182,02-11-25
33,Female,IT,Analyst,1,113648,13,4,Yes,14,1,0.92414182,06-10-25
27,Male,IT,Engineer,3,46026,17,2,Yes,13,1,0.997527377,12-02-25
35,Female,R&D,Analyst,4,47281,18,4,No,27,1,0.92414182,09-06-25
30,Male,Finance,Executive,4,100863,19,4,Yes,1,1,0.880797078,09-03-25
55,Female,Sales,Engineer,4,99823,15,3,Yes,13,1,0.92414182,26-09-25
26,Male,Sales,Manager,1,65203,17,3,Yes,18,1,0.880797078,07-03-25
31,Male,HR,Executive,3,117649,14,3,Yes,12,1,0.880797078,24-04-25
32,Male,Finance,Engineer,3,114242,6,1,Yes,26,1,0.98201379,26-08-25
35,Female,IT,Manager,2,100428,11,4,Yes,9,1,0.92414182,12-07-25
43,Female,R&D,Manager,3,76759,18,2,No,12,1,0.92414182,08-08-25
49,Male,IT,Analyst,4,110810,0,3,Yes,28,1,0.952574127,29-06-25
58,Female,IT,Engineer,2,25730,1,3,No,3,1,0.970687769,17-06-25
37,Male,Finance,Manager,2,101533,15,4,No,16,0,0.5,22-06-25
29,Female,Sales,Manager,4,62422,7,1,No,25,1,0.92414182,06-03-25
27,Female,Sales,Executive,3,37010,10,3,Yes,23,1,0.989013057,18-12-25
51,Male,Finance,Engineer,1,20490,17,3,No,15,1,0.880797078,13-08-25
42,Female,Finance,Analyst,1,116870,12,4,Yes,18,1,0.92414182,29-03-25
28,Female,R&D,Analyst,2,66511,19,3,Yes,6,1,0.92414182,13-12-25
30,Male,Sales,Manager,1,54924,7,4,Yes,13,1,0.880797078,18-03-25
44,Female,R&D,Executive,4,67204,16,4,Yes,9,1,0.92414182,25-01-25
27,Male,Sales,Analyst,3,71448,5,2,No,13,1,0.880797078,16-03-25
35,Male,Sales,Analyst,2,49863,2,3,No,21,1,0.952574127,21-12-25
54,Male,HR,Engineer,4,91186,17,4,No,17,0,0.5,10-12-25
56,Male,HR,Analyst,2,42499,12,1,No,28,1,0.98201379,06-05-25
55,Female,IT,Analyst,1,50607,1,1,No,19,1,0.970687769,30-07-25
46,Female,IT,Manager,4,27349,18,1,Yes,1,1,0.998498818,11-02-25
40,Male,IT,Analyst,1,103791,11,4,No,23,0,0.5,03-02-25
